metric,arm,value
psnr_db,DENSE-FP4,22.417417526245117
psnr_db,DENSE-FP4,17.994508743286133
psnr_db,DENSE-FP4,17.722431182861328
psnr_db,DENSE-FP4,19.739347457885742
psnr_db,DENSE-FP4,16.816997528076172
psnr_db,DENSE-FP4,14.840484619140625
psnr_db,DENSE-FP4,15.754919052124023
psnr_db,DENSE-FP4,19.96842384338379
psnr_db,DENSE-FP4,20.495370864868164
psnr_db,DENSE-FP4,19.298707962036133
psnr_db,SPARSE-BF16,15.628594398498535
psnr_db,SPARSE-BF16,11.901253700256348
psnr_db,SPARSE-BF16,10.449723243713379
psnr_db,SPARSE-BF16,13.797890663146973
psnr_db,SPARSE-BF16,12.497912406921387
psnr_db,SPARSE-BF16,8.726686477661133
psnr_db,SPARSE-BF16,12.825488090515137
psnr_db,SPARSE-BF16,13.343656539916992
psnr_db,SPARSE-BF16,14.675496101379395
psnr_db,SPARSE-BF16,13.242049217224121
psnr_db,SPARSE-FP4-NAIVE,16.082515716552734
psnr_db,SPARSE-FP4-NAIVE,13.323176383972168
psnr_db,SPARSE-FP4-NAIVE,11.729390144348145
psnr_db,SPARSE-FP4-NAIVE,14.223905563354492
psnr_db,SPARSE-FP4-NAIVE,13.916895866394043
psnr_db,SPARSE-FP4-NAIVE,9.833706855773926
psnr_db,SPARSE-FP4-NAIVE,14.227523803710938
psnr_db,SPARSE-FP4-NAIVE,14.171439170837402
psnr_db,SPARSE-FP4-NAIVE,16.045000076293945
psnr_db,SPARSE-FP4-NAIVE,16.23432159423828
psnr_db,SPARSE-FP4-ROUTE8,16.099096298217773
psnr_db,SPARSE-FP4-ROUTE8,13.305139541625977
psnr_db,SPARSE-FP4-ROUTE8,11.737241744995117
psnr_db,SPARSE-FP4-ROUTE8,14.216506004333496
psnr_db,SPARSE-FP4-ROUTE8,13.952118873596191
psnr_db,SPARSE-FP4-ROUTE8,9.819849014282227
psnr_db,SPARSE-FP4-ROUTE8,14.192865371704102
psnr_db,SPARSE-FP4-ROUTE8,14.123116493225098
psnr_db,SPARSE-FP4-ROUTE8,16.067729949951172
psnr_db,SPARSE-FP4-ROUTE8,16.505687713623047
psnr_db,SPARSE-FP4-ROUTE16,16.161760330200195
psnr_db,SPARSE-FP4-ROUTE16,13.211983680725098
psnr_db,SPARSE-FP4-ROUTE16,11.71612548828125
psnr_db,SPARSE-FP4-ROUTE16,14.211994171142578
psnr_db,SPARSE-FP4-ROUTE16,13.941252708435059
psnr_db,SPARSE-FP4-ROUTE16,9.832046508789062
psnr_db,SPARSE-FP4-ROUTE16,14.188907623291016
psnr_db,SPARSE-FP4-ROUTE16,14.068821907043457
psnr_db,SPARSE-FP4-ROUTE16,16.008760452270508
psnr_db,SPARSE-FP4-ROUTE16,16.448246002197266
ssim,DENSE-FP4,0.6920990347862244
ssim,DENSE-FP4,0.6444597244262695
ssim,DENSE-FP4,0.578773021697998
ssim,DENSE-FP4,0.8276834487915039
ssim,DENSE-FP4,0.5509953498840332
ssim,DENSE-FP4,0.5128514170646667
ssim,DENSE-FP4,0.24151144921779633
ssim,DENSE-FP4,0.7915269136428833
ssim,DENSE-FP4,0.3975624740123749
ssim,DENSE-FP4,0.46629607677459717
ssim,SPARSE-BF16,0.3408448100090027
ssim,SPARSE-BF16,0.3648851811885834
ssim,SPARSE-BF16,0.27549442648887634
ssim,SPARSE-BF16,0.6741644144058228
ssim,SPARSE-BF16,0.3753311336040497
ssim,SPARSE-BF16,0.25935330986976624
ssim,SPARSE-BF16,0.15528839826583862
ssim,SPARSE-BF16,0.6556155681610107
ssim,SPARSE-BF16,0.24511072039604187
ssim,SPARSE-BF16,0.2458987981081009
ssim,SPARSE-FP4-NAIVE,0.3549734652042389
ssim,SPARSE-FP4-NAIVE,0.45314279198646545
ssim,SPARSE-FP4-NAIVE,0.29635077714920044
ssim,SPARSE-FP4-NAIVE,0.7199060916900635
ssim,SPARSE-FP4-NAIVE,0.3959679901599884
ssim,SPARSE-FP4-NAIVE,0.27260830998420715
ssim,SPARSE-FP4-NAIVE,0.17459134757518768
ssim,SPARSE-FP4-NAIVE,0.6735654473304749
ssim,SPARSE-FP4-NAIVE,0.3062722384929657
ssim,SPARSE-FP4-NAIVE,0.3437204658985138
ssim,SPARSE-FP4-ROUTE8,0.357143759727478
ssim,SPARSE-FP4-ROUTE8,0.45335501432418823
ssim,SPARSE-FP4-ROUTE8,0.2982844412326813
ssim,SPARSE-FP4-ROUTE8,0.719920814037323
ssim,SPARSE-FP4-ROUTE8,0.40174826979637146
ssim,SPARSE-FP4-ROUTE8,0.2744448781013489
ssim,SPARSE-FP4-ROUTE8,0.17528650164604187
ssim,SPARSE-FP4-ROUTE8,0.672731876373291
ssim,SPARSE-FP4-ROUTE8,0.31000378727912903
ssim,SPARSE-FP4-ROUTE8,0.3482194244861603
ssim,SPARSE-FP4-ROUTE16,0.3601226806640625
ssim,SPARSE-FP4-ROUTE16,0.4486495554447174
ssim,SPARSE-FP4-ROUTE16,0.2965168058872223
ssim,SPARSE-FP4-ROUTE16,0.7193319201469421
ssim,SPARSE-FP4-ROUTE16,0.40124809741973877
ssim,SPARSE-FP4-ROUTE16,0.2775413990020752
ssim,SPARSE-FP4-ROUTE16,0.1746852546930313
ssim,SPARSE-FP4-ROUTE16,0.6721833944320679
ssim,SPARSE-FP4-ROUTE16,0.31022852659225464
ssim,SPARSE-FP4-ROUTE16,0.3447116017341614
lpips,DENSE-FP4,0.36665013432502747
lpips,DENSE-FP4,0.4922586977481842
lpips,DENSE-FP4,0.4146980047225952
lpips,DENSE-FP4,0.24420826137065887
lpips,DENSE-FP4,0.48473623394966125
lpips,DENSE-FP4,0.42736902832984924
lpips,DENSE-FP4,0.7854651808738708
lpips,DENSE-FP4,0.2617565095424652
lpips,DENSE-FP4,0.4112895131111145
lpips,DENSE-FP4,0.4915250241756439
lpips,SPARSE-BF16,0.4822244644165039
lpips,SPARSE-BF16,0.678133487701416
lpips,SPARSE-BF16,0.6180436015129089
lpips,SPARSE-BF16,0.49156442284584045
lpips,SPARSE-BF16,0.5831813812255859
lpips,SPARSE-BF16,0.6406462788581848
lpips,SPARSE-BF16,0.5871230959892273
lpips,SPARSE-BF16,0.42878931760787964
lpips,SPARSE-BF16,0.6282672882080078
lpips,SPARSE-BF16,0.6208298206329346
lpips,SPARSE-FP4-NAIVE,0.43868595361709595
lpips,SPARSE-FP4-NAIVE,0.6222957968711853
lpips,SPARSE-FP4-NAIVE,0.5984389781951904
lpips,SPARSE-FP4-NAIVE,0.4814245402812958
lpips,SPARSE-FP4-NAIVE,0.585939884185791
lpips,SPARSE-FP4-NAIVE,0.6384999752044678
lpips,SPARSE-FP4-NAIVE,0.5806019306182861
lpips,SPARSE-FP4-NAIVE,0.41399267315864563
lpips,SPARSE-FP4-NAIVE,0.535355269908905
lpips,SPARSE-FP4-NAIVE,0.5099356174468994
lpips,SPARSE-FP4-ROUTE8,0.43405190110206604
lpips,SPARSE-FP4-ROUTE8,0.6228052973747253
lpips,SPARSE-FP4-ROUTE8,0.6016600131988525
lpips,SPARSE-FP4-ROUTE8,0.4821106791496277
lpips,SPARSE-FP4-ROUTE8,0.5802503228187561
lpips,SPARSE-FP4-ROUTE8,0.6407108306884766
lpips,SPARSE-FP4-ROUTE8,0.5709173679351807
lpips,SPARSE-FP4-ROUTE8,0.4121270775794983
lpips,SPARSE-FP4-ROUTE8,0.5312819480895996
lpips,SPARSE-FP4-ROUTE8,0.5077696442604065
lpips,SPARSE-FP4-ROUTE16,0.4331154227256775
lpips,SPARSE-FP4-ROUTE16,0.6222327351570129
lpips,SPARSE-FP4-ROUTE16,0.5955573916435242
lpips,SPARSE-FP4-ROUTE16,0.48193925619125366
lpips,SPARSE-FP4-ROUTE16,0.5809781551361084
lpips,SPARSE-FP4-ROUTE16,0.6363964080810547
lpips,SPARSE-FP4-ROUTE16,0.5681871175765991
lpips,SPARSE-FP4-ROUTE16,0.41398724913597107
lpips,SPARSE-FP4-ROUTE16,0.5373183488845825
lpips,SPARSE-FP4-ROUTE16,0.5135518312454224
mean_abs_pixel_diff,DENSE-FP4,0.04035427162035163
mean_abs_pixel_diff,DENSE-FP4,0.08131363183822865
mean_abs_pixel_diff,DENSE-FP4,0.07421994392436881
mean_abs_pixel_diff,DENSE-FP4,0.0583252834672476
mean_abs_pixel_diff,DENSE-FP4,0.09893076189135126
mean_abs_pixel_diff,DENSE-FP4,0.1161150603275756
mean_abs_pixel_diff,DENSE-FP4,0.11880686617204506
mean_abs_pixel_diff,DENSE-FP4,0.06112074867335882
mean_abs_pixel_diff,DENSE-FP4,0.06687122129168807
mean_abs_pixel_diff,DENSE-FP4,0.07442069327867747
mean_abs_pixel_diff,SPARSE-BF16,0.12212109061576551
mean_abs_pixel_diff,SPARSE-BF16,0.17496575226169403
mean_abs_pixel_diff,SPARSE-BF16,0.19471975588730597
mean_abs_pixel_diff,SPARSE-BF16,0.1460503865913511
mean_abs_pixel_diff,SPARSE-BF16,0.16895357814785597
mean_abs_pixel_diff,SPARSE-BF16,0.2744581510035237
mean_abs_pixel_diff,SPARSE-BF16,0.17029687809116467
mean_abs_pixel_diff,SPARSE-BF16,0.16056989257416418
mean_abs_pixel_diff,SPARSE-BF16,0.13017976374594462
mean_abs_pixel_diff,SPARSE-BF16,0.1659844260005945
mean_abs_pixel_diff,SPARSE-FP4-NAIVE,0.11902550106324311
mean_abs_pixel_diff,SPARSE-FP4-NAIVE,0.14843592667134362
mean_abs_pixel_diff,SPARSE-FP4-NAIVE,0.17178896659157933
mean_abs_pixel_diff,SPARSE-FP4-NAIVE,0.1409171721194884
mean_abs_pixel_diff,SPARSE-FP4-NAIVE,0.15232719804486658
mean_abs_pixel_diff,SPARSE-FP4-NAIVE,0.2428356284291178
mean_abs_pixel_diff,SPARSE-FP4-NAIVE,0.15071443531273462
mean_abs_pixel_diff,SPARSE-FP4-NAIVE,0.1520112883230799
mean_abs_pixel_diff,SPARSE-FP4-NAIVE,0.10922933837916386
mean_abs_pixel_diff,SPARSE-FP4-NAIVE,0.11466347887456398
mean_abs_pixel_diff,SPARSE-FP4-ROUTE8,0.1178974508220314
mean_abs_pixel_diff,SPARSE-FP4-ROUTE8,0.14777566192899058
mean_abs_pixel_diff,SPARSE-FP4-ROUTE8,0.17097050586153814
mean_abs_pixel_diff,SPARSE-FP4-ROUTE8,0.14129467581072425
mean_abs_pixel_diff,SPARSE-FP4-ROUTE8,0.15126759954377847
mean_abs_pixel_diff,SPARSE-FP4-ROUTE8,0.2429850947470734
mean_abs_pixel_diff,SPARSE-FP4-ROUTE8,0.15094914680620633
mean_abs_pixel_diff,SPARSE-FP4-ROUTE8,0.1536678136369907
mean_abs_pixel_diff,SPARSE-FP4-ROUTE8,0.1089625863444268
mean_abs_pixel_diff,SPARSE-FP4-ROUTE8,0.10988333703244652
mean_abs_pixel_diff,SPARSE-FP4-ROUTE16,0.11655468360600597
mean_abs_pixel_diff,SPARSE-FP4-ROUTE16,0.14961356300335085
mean_abs_pixel_diff,SPARSE-FP4-ROUTE16,0.1717139489366194
mean_abs_pixel_diff,SPARSE-FP4-ROUTE16,0.1406569754082379
mean_abs_pixel_diff,SPARSE-FP4-ROUTE16,0.15155440995471064
mean_abs_pixel_diff,SPARSE-FP4-ROUTE16,0.24174979062375734
mean_abs_pixel_diff,SPARSE-FP4-ROUTE16,0.1508313156248485
mean_abs_pixel_diff,SPARSE-FP4-ROUTE16,0.15440059564807213
mean_abs_pixel_diff,SPARSE-FP4-ROUTE16,0.10996194803552485
mean_abs_pixel_diff,SPARSE-FP4-ROUTE16,0.10997383474511185
