arm,sparsity,intervention_kind,purpose,representation,pool,score,selection_rule,n_cells,jaccard_median,jaccard_iqr,recall_median,spearman_rho_vs_exact_median,swaps_per_query_block_median,frac_query_blocks_changed_median,frac_decisions_changed_median,frac_cells_mask_identical_to_deployed,changed_pair_gap_fp64_median,reference_margin_norm_fp64_median,rel_l2_median,cosine_median,sparsification_error_median,wrong_mask_excess_median,wrong_mask_excess_iqr,signed_wrong_mask_over_sparsification_median,abs_wrong_mask_over_sparsification_median,abs_wrong_mask_over_sparsification_p90,frac_cells_arm_worse_than_deployed,random_matched_excess_median,isolation_ratio_abs,frac_cells_random_worse_than_arm,representation_saturation_frac_median,deployed_score_ties_median,exact_ties_fp64_total,selector_budget_violating_rows_total,selector_budget_violating_frac_max,pool_semantics,score_semantics,select_semantics,region
V0,0.8,reference_deployed,VSA as installed: fused_block_mean + bf16 matmul + fused_topk_mask,bf16,kernel,kernel,kernel,8640,1.0,0.0,1.0,0.9999901301040555,0.0,0.0,0.0,1.0,,0.0008339192358526367,0.12838498502969742,0.9920651614665985,0.12838498502969742,0.0,0.0,0.0,0.0,0.0,0.0,,,,0.0,300.0,0,0,0.0,pool=kernel_fused_block_mean_bf16_read_fp32_acc_bf16_write,score=kernel_bf16_torch_matmul_acc_fp32_bf16_out,select=kernel_fused_topk_mask_fp32_bisect_index_order_ties,affected
V0_FP64,0.8,reference_exact,exact selector on the same bf16 Q/K: how far deployed VSA already is from optimal,bf16,fp64,fp64,exact_index_order,8640,0.9941453936519705,0.0043037683294007145,0.9970641025641026,0.9999999999999996,0.36698717948717946,0.34294871794871795,0.001176240959894806,0.0,0.0007500577673909517,0.0008339192358526367,0.12854024022817612,0.9920396506786346,0.12838498502969742,0.00011423230171203613,0.0002178046852350235,0.000970363968375004,0.0010581234318619412,0.00353071078802836,0.8372685185185185,-0.00017418339848518372,1.52481737542395,0.43125,0.0,0.0,0,0,0.0,pool=fp64_values_acc_fp64_valid_token_denominator,score=fp64_values_acc_fp64,select=exact_stable_sort_index_order_ties_at_float64,affected
VA_FP8,0.8,intervention_a,"routing input quantized to FP8-E4M3, kernel arithmetic unchanged",fp8_e4m3,kernel,kernel,kernel,8640,0.9909894962541319,0.004087182811949308,0.995474358974359,0.9999553065486761,0.5657051282051282,0.4983974358974359,0.0018131574621959238,0.0,0.0012625262793144732,0.0008339192358526367,0.12835290282964706,0.9920650124549866,0.12838498502969742,-2.8312206268310547e-07,0.0001473408192396164,-1.9591130650619358e-06,0.0005706309413306008,0.0022128620638398617,0.49895833333333334,-0.00027076341211795807,956.3486842105264,0.45601851851851855,9.854635209194385e-06,301.0,0,0,0.0,pool=kernel_fused_block_mean_bf16_read_fp32_acc_bf16_write,score=kernel_bf16_torch_matmul_acc_fp32_bf16_out,select=kernel_fused_topk_mask_fp32_bisect_index_order_ties,affected
VA_NVFP4,0.8,intervention_a,"routing input quantized to NVFP4, kernel arithmetic unchanged",nvfp4,kernel,kernel,kernel,8640,0.9720873786407767,0.012536428206994965,0.9858461538461538,0.9994697791356679,1.7692307692307692,0.9102564102564102,0.005670611439842209,0.0,0.004932893465368156,0.0008339192358526367,0.12861326336860657,0.9920634925365448,0.12838498502969742,-3.4347176551818848e-06,0.0005595088005065918,-1.979654100940798e-05,0.0021467959988061636,0.009909991515386822,0.49675925925925923,-0.0006666518747806549,194.09219088937093,0.4708333333333333,0.08339110389351845,299.0,0,0,0.0,pool=kernel_fused_block_mean_bf16_read_fp32_acc_bf16_write,score=kernel_bf16_torch_matmul_acc_fp32_bf16_out,select=kernel_fused_topk_mask_fp32_bisect_index_order_ties,affected
VA_NVFP4_VB_FP64,0.8,intervention_ab,the H3 question at VSA's interface: can exact arithmetic rescue a quantized routing input?,nvfp4,fp64,fp64,exact_index_order,8640,0.9721372405248919,0.012661527461825473,0.9858717948717949,0.9994752592121215,1.766025641025641,0.9118589743589743,0.0056603385930309,0.0,0.004572721344369904,0.0008339192358526367,0.12870968878269196,0.9920459687709808,0.12838498502969742,0.00012390315532684326,0.0006380528211593628,0.0009572047042795192,0.0023859016398825013,0.010731080192525272,0.6357638888888889,-0.0006876327097415924,5.549759470835839,0.4667824074074074,0.08339110389351845,0.0,0,0,0.0,pool=fp64_values_acc_fp64_valid_token_denominator,score=fp64_values_acc_fp64,select=exact_stable_sort_index_order_ties_at_float64,affected
VB_BF16_LOW,0.8,intervention_b,selector arithmetic lowered to true bf16 accumulation,bf16,bf16_low,bf16_low,kernel,8640,0.9786157299950534,0.011911466137650706,0.9891923076923077,0.99983086555384,1.3509615384615383,0.8461538461538461,0.00433000493096647,0.0,0.003598140794488913,0.0008339192358526367,0.12838957458734512,0.9920686483383179,0.12838498502969742,-5.033239722251892e-05,0.0003008749336004257,-0.00039688509857265615,0.0012015667476027204,0.004677372309669613,0.3971064814814815,-0.0004877261817455292,9.690104359410851,0.47835648148148147,0.0,299.0,0,48,0.00013354700854700856,pool=bf16_values_sequential_acc_bf16_valid_token_denominator,score=bf16_values_sequential_rank1_acc_bf16,select=kernel_fused_topk_mask_fp32_bisect_index_order_ties,affected
VB_FP32,0.8,intervention_b,selector arithmetic raised to fp32,bf16,fp32,fp32,exact_index_order,8640,0.9941453936519705,0.0043037683294007145,0.9970641025641026,0.9999999994261713,0.36698717948717946,0.34294871794871795,0.001176240959894806,0.0,0.0007500577673909517,0.0008339192358526367,0.12854024022817612,0.9920396506786346,0.12838498502969742,0.00011423230171203613,0.00021796207875013351,0.000970363968375004,0.0010583093394209717,0.00353071078802836,0.8372685185185185,-0.00017781183123588562,1.5565810070440909,0.42662037037037037,0.0,0.0,0,0,0.0,pool=fp32_values_acc_fp32_valid_token_denominator,score=fp32_values_acc_fp32_tf32_disabled,select=exact_stable_sort_index_order_ties_at_float32,affected
VC_GATE_NVFP4,0.8,non_routing_control,gate_compress quantized to NVFP4; must NOT change the mask (falsifies the gate map if it does),bf16,kernel,kernel,kernel,8640,1.0,0.0,1.0,0.9999901301040555,0.0,0.0,0.0,1.0,,0.0008339192358526367,0.12838498502969742,0.9920651614665985,0.12838498502969742,0.0,0.0,0.0,0.0,0.0,0.0,0.0,,0.0,0.0,300.0,0,0,0.0,pool=kernel_fused_block_mean_bf16_read_fp32_acc_bf16_write,score=kernel_bf16_torch_matmul_acc_fp32_bf16_out,select=kernel_fused_topk_mask_fp32_bisect_index_order_ties,affected
VD_TORCH_TOPK,0.8,tiebreak_control,torch.topk tie-break instead of VSA's index-order threshold rule,bf16,kernel,kernel,torch_topk,8640,1.0,0.0,1.0,0.9999901301040555,0.0,0.0,0.0,1.0,,0.0008339192358526367,0.12838498502969742,0.9920651614665985,0.12838498502969742,0.0,0.0,0.0,0.0,0.0,0.0,0.0,,0.0,0.0,300.0,0,0,0.0,pool=kernel_fused_block_mean_bf16_read_fp32_acc_bf16_write,score=kernel_bf16_torch_matmul_acc_fp32_bf16_out,select=torch_topk_native_tiebreak,affected
V0,0.8,reference_deployed,VSA as installed: fused_block_mean + bf16 matmul + fused_topk_mask,bf16,kernel,kernel,kernel,43200,1.0,0.0,1.0,0.9999895437920592,0.0,0.0,0.0,1.0,,0.0008405106758979779,0.19386567920446396,0.9831015467643738,0.19386567920446396,0.0,0.0,0.0,0.0,0.0,0.0,,,,0.0,321.0,0,336,0.00013354700854700856,pool=kernel_fused_block_mean_bf16_read_fp32_acc_bf16_write,score=kernel_bf16_torch_matmul_acc_fp32_bf16_out,select=kernel_fused_topk_mask_fp32_bisect_index_order_ties,all
V0_FP64,0.8,reference_exact,exact selector on the same bf16 Q/K: how far deployed VSA already is from optimal,bf16,fp64,fp64,exact_index_order,43200,0.9935847465208112,0.00557422780645922,0.9967820512820513,0.9999999999999996,0.4022435897435897,0.3717948717948718,0.001289242274819198,0.0,0.0008494360420063804,0.0008405106758979779,0.19404298067092896,0.9830718040466309,0.19386567920446396,0.0001608133316040039,0.00030114129185676575,0.0009050941070277421,0.0009420072422315357,0.0028899351031048447,0.8870370370370371,-0.0003282800316810608,2.0413732394366195,0.3542824074074074,0.0,0.0,0,0,0.0,pool=fp64_values_acc_fp64_valid_token_denominator,score=fp64_values_acc_fp64,select=exact_stable_sort_index_order_ties_at_float64,all
VA_FP8,0.8,intervention_a,"routing input quantized to FP8-E4M3, kernel arithmetic unchanged",fp8_e4m3,kernel,kernel,kernel,43200,0.9911165568999847,0.0039110253480716395,0.9955384615384615,0.9999580367564629,0.5576923076923077,0.49198717948717946,0.0017874753451676529,0.0,0.0012836640446742525,0.0008405106758979779,0.19386303424835205,0.9830909967422485,0.19386567920446396,-5.587935447692871e-07,0.00014576688408851624,-2.8378178797200054e-06,0.00038738823569480017,0.0013481458977753443,0.4980787037037037,-0.0005426108837127686,971.04,0.3867361111111111,1.401982785864675e-06,321.0,0,348,0.00013354700854700856,pool=kernel_fused_block_mean_bf16_read_fp32_acc_bf16_write,score=kernel_bf16_torch_matmul_acc_fp32_bf16_out,select=kernel_fused_topk_mask_fp32_bisect_index_order_ties,all
VA_NVFP4,0.8,intervention_a,"routing input quantized to NVFP4, kernel arithmetic unchanged",nvfp4,kernel,kernel,kernel,43200,0.9770359668466276,0.008310484555260067,0.9883846153846154,0.9996695662304294,1.4519230769230769,0.8669871794871795,0.004653599605522683,0.0,0.003907909624343222,0.0008405106758979779,0.1938113570213318,0.9830975830554962,0.19386567920446396,-3.174692392349243e-05,0.00041124410927295685,-0.00016052430709246777,0.0010671541936372968,0.004924327573350034,0.45439814814814816,-0.0013690516352653503,43.12391457404365,0.3992361111111111,0.0880279578268528,321.0,0,252,0.00013354700854700856,pool=kernel_fused_block_mean_bf16_read_fp32_acc_bf16_write,score=kernel_bf16_torch_matmul_acc_fp32_bf16_out,select=kernel_fused_topk_mask_fp32_bisect_index_order_ties,all
VA_NVFP4_VB_FP64,0.8,intervention_ab,the H3 question at VSA's interface: can exact arithmetic rescue a quantized routing input?,nvfp4,fp64,fp64,exact_index_order,43200,0.9770860792862213,0.008385898644476253,0.9884102564102564,0.9996731379467548,1.4487179487179487,0.8669871794871795,0.004643326758711374,0.0,0.0035033913191157584,0.0008405106758979779,0.19398817420005798,0.983083188533783,0.19386567920446396,0.00015139952301979065,0.0005312003195285797,0.0007878727134377277,0.0014331260324218337,0.005590117060749274,0.6794675925925926,-0.0013690590858459473,9.042690878669324,0.3897453703703704,0.0880279578268528,0.0,0,0,0.0,pool=fp64_values_acc_fp64_valid_token_denominator,score=fp64_values_acc_fp64,select=exact_stable_sort_index_order_ties_at_float64,all
VB_BF16_LOW,0.8,intervention_b,selector arithmetic lowered to true bf16 accumulation,bf16,bf16_low,bf16_low,kernel,43200,0.9771863117870723,0.01471855968192426,0.9884615384615385,0.9998349180054558,1.4423076923076923,0.8653846153846154,0.004622781065088758,0.0,0.004024469376988632,0.0008405106758979779,0.1938285082578659,0.9831109941005707,0.19386567920446396,-4.3448060750961304e-05,0.0002676602452993393,-0.00023092927142427325,0.0007008714961870019,0.002690119190173156,0.4,-0.0011246837675571442,25.885706936465745,0.4127546296296296,0.0,321.0,0,2796,0.0006677350427350427,pool=bf16_values_sequential_acc_bf16_valid_token_denominator,score=bf16_values_sequential_rank1_acc_bf16,select=kernel_fused_topk_mask_fp32_bisect_index_order_ties,all
VB_FP32,0.8,intervention_b,selector arithmetic raised to fp32,bf16,fp32,fp32,exact_index_order,43200,0.9935847465208112,0.00557422780645922,0.9967820512820513,0.9999999994261715,0.4022435897435897,0.3717948717948718,0.001289242274819198,0.0,0.0008494360420063804,0.0008405106758979779,0.19404298067092896,0.9830718040466309,0.19386567920446396,0.0001607835292816162,0.0003011971712112427,0.0009051424134813031,0.0009420072422315357,0.0028899351031048447,0.8870370370370371,-0.0003277137875556946,2.03822984244671,0.35412037037037036,0.0,0.0,0,0,0.0,pool=fp32_values_acc_fp32_valid_token_denominator,score=fp32_values_acc_fp32_tf32_disabled,select=exact_stable_sort_index_order_ties_at_float32,all
VC_GATE_NVFP4,0.8,non_routing_control,gate_compress quantized to NVFP4; must NOT change the mask (falsifies the gate map if it does),bf16,kernel,kernel,kernel,43200,1.0,0.0,1.0,0.9999895437920592,0.0,0.0,0.0,1.0,,0.0008405106758979779,0.19386567920446396,0.9831015467643738,0.19386567920446396,0.0,0.0,0.0,0.0,0.0,0.0,0.0,,0.0,0.0,321.0,0,336,0.00013354700854700856,pool=kernel_fused_block_mean_bf16_read_fp32_acc_bf16_write,score=kernel_bf16_torch_matmul_acc_fp32_bf16_out,select=kernel_fused_topk_mask_fp32_bisect_index_order_ties,all
VD_TORCH_TOPK,0.8,tiebreak_control,torch.topk tie-break instead of VSA's index-order threshold rule,bf16,kernel,kernel,torch_topk,43200,1.0,0.0,1.0,0.9999895437920592,0.0,0.0,0.0,0.9993518518518518,,0.0008405106758979779,0.19386567920446396,0.9831015467643738,0.19386567920446396,0.0,0.0,0.0,0.0,0.0,0.0004398148148148148,0.0,,0.00020833333333333335,0.0,321.0,0,0,0.0,pool=kernel_fused_block_mean_bf16_read_fp32_acc_bf16_write,score=kernel_bf16_torch_matmul_acc_fp32_bf16_out,select=torch_topk_native_tiebreak,all
V0,0.8,reference_deployed,VSA as installed: fused_block_mean + bf16 matmul + fused_topk_mask,bf16,kernel,kernel,kernel,8640,1.0,0.0,1.0,0.9999864906128999,0.0,0.0,0.0,1.0,,0.0008362080140401611,0.21273960173130035,0.9801186621189117,0.21273960173130035,0.0,0.0,0.0,0.0,0.0,0.0,,,,0.0,333.0,0,72,0.00013354700854700856,pool=kernel_fused_block_mean_bf16_read_fp32_acc_bf16_write,score=kernel_bf16_torch_matmul_acc_fp32_bf16_out,select=kernel_fused_topk_mask_fp32_bisect_index_order_ties,broad
V0_FP64,0.8,reference_exact,exact selector on the same bf16 Q/K: how far deployed VSA already is from optimal,bf16,fp64,fp64,exact_index_order,8640,0.9932281351817543,0.006615528219245936,0.9966025641025641,0.9999999999999996,0.42467948717948717,0.3894230769230769,0.0013611522024983564,0.0,0.0009123115661742022,0.0008362080140401611,0.2129945158958435,0.9800605773925781,0.21273960173130035,0.00017517060041427612,0.00035616010427474976,0.0009101396935468596,0.0009498169098110919,0.0030622280723417604,0.8851851851851852,-0.00033026188611984253,1.8853728042193016,0.35173611111111114,0.0,0.0,0,0,0.0,pool=fp64_values_acc_fp64_valid_token_denominator,score=fp64_values_acc_fp64,select=exact_stable_sort_index_order_ties_at_float64,broad
VA_FP8,0.8,intervention_a,"routing input quantized to FP8-E4M3, kernel arithmetic unchanged",fp8_e4m3,kernel,kernel,kernel,8640,0.991091143473433,0.004214813176826371,0.995525641025641,0.9999574084873992,0.5592948717948718,0.4935897435897436,0.001792611768573307,0.0,0.0013177357638216175,0.0008362080140401611,0.21261613070964813,0.9801088571548462,0.21273960173130035,-1.6987323760986328e-06,0.0001630932092666626,-1.0880816091208926e-05,0.0003847689168417723,0.0012624369476751116,0.4928240740740741,-0.0006058551371097565,356.6513157894737,0.3927083333333333,1.401982785864675e-06,334.0,0,120,0.00013354700854700856,pool=kernel_fused_block_mean_bf16_read_fp32_acc_bf16_write,score=kernel_bf16_torch_matmul_acc_fp32_bf16_out,select=kernel_fused_topk_mask_fp32_bisect_index_order_ties,broad
VA_NVFP4,0.8,intervention_a,"routing input quantized to NVFP4, kernel arithmetic unchanged",nvfp4,kernel,kernel,kernel,8640,0.9771111364586897,0.006560589739129208,0.988423076923077,0.9996812796984721,1.4471153846153846,0.8685897435897436,0.00463819033530572,0.0,0.003868709232056779,0.0008362080140401611,0.21262075006961823,0.9801027774810791,0.21273960173130035,-2.135336399078369e-05,0.0004602968692779541,-0.00010231297281605818,0.0010733859719136052,0.004188960264021292,0.4681712962962963,-0.0014775395393371582,69.1946964410328,0.40324074074074073,0.08881035447120667,335.0,0,48,0.00013354700854700856,pool=kernel_fused_block_mean_bf16_read_fp32_acc_bf16_write,score=kernel_bf16_torch_matmul_acc_fp32_bf16_out,select=kernel_fused_topk_mask_fp32_bisect_index_order_ties,broad
VA_NVFP4_VB_FP64,0.8,intervention_ab,the H3 question at VSA's interface: can exact arithmetic rescue a quantized routing input?,nvfp4,fp64,fp64,exact_index_order,8640,0.9771612527090912,0.006586381290090482,0.9884487179487179,0.9996847245703012,1.4439102564102564,0.8685897435897436,0.004627917488494411,0.0,0.0034778915250571894,0.0008362080140401611,0.21274152398109436,0.9800513982772827,0.21273960173130035,0.00018724799156188965,0.0005981680005788803,0.0009074506243878023,0.0015315393493272643,0.004948237674634825,0.6918981481481481,-0.0014518648386001587,7.753700461562947,0.3909722222222222,0.08881035447120667,0.0,0,0,0.0,pool=fp64_values_acc_fp64_valid_token_denominator,score=fp64_values_acc_fp64,select=exact_stable_sort_index_order_ties_at_float64,broad
VB_BF16_LOW,0.8,intervention_b,selector arithmetic lowered to true bf16 accumulation,bf16,bf16_low,bf16_low,kernel,8640,0.9765850691804774,0.018163885209867003,0.9881538461538462,0.9998095408271301,1.4807692307692306,0.8766025641025641,0.0047460552268244575,0.0,0.004165762585709748,0.0008362080140401611,0.21266964077949524,0.9801153540611267,0.21273960173130035,-3.557279706001282e-05,0.0002935696393251419,-0.00018086982868660415,0.0006997436055833224,0.002485466753787785,0.41967592592592595,-0.0012899339199066162,36.26180751911195,0.41215277777777776,0.0,335.0,0,336,0.00013354700854700856,pool=bf16_values_sequential_acc_bf16_valid_token_denominator,score=bf16_values_sequential_rank1_acc_bf16,select=kernel_fused_topk_mask_fp32_bisect_index_order_ties,broad
VB_FP32,0.8,intervention_b,selector arithmetic raised to fp32,bf16,fp32,fp32,exact_index_order,8640,0.9932281351817543,0.006615528219245936,0.9966025641025641,0.9999999993865968,0.42467948717948717,0.3894230769230769,0.0013611522024983564,0.0,0.0009123115661742022,0.0008362080140401611,0.2129945158958435,0.9800605177879333,0.21273960173130035,0.00017517060041427612,0.00035616010427474976,0.0009101396935468596,0.0009498169098110919,0.0030622280723417604,0.8851851851851852,-0.0003349184989929199,1.9119561056526733,0.35474537037037035,0.0,0.0,0,0,0.0,pool=fp32_values_acc_fp32_valid_token_denominator,score=fp32_values_acc_fp32_tf32_disabled,select=exact_stable_sort_index_order_ties_at_float32,broad
VC_GATE_NVFP4,0.8,non_routing_control,gate_compress quantized to NVFP4; must NOT change the mask (falsifies the gate map if it does),bf16,kernel,kernel,kernel,8640,1.0,0.0,1.0,0.9999864906128999,0.0,0.0,0.0,1.0,,0.0008362080140401611,0.21273960173130035,0.9801186621189117,0.21273960173130035,0.0,0.0,0.0,0.0,0.0,0.0,0.0,,0.0,0.0,333.0,0,72,0.00013354700854700856,pool=kernel_fused_block_mean_bf16_read_fp32_acc_bf16_write,score=kernel_bf16_torch_matmul_acc_fp32_bf16_out,select=kernel_fused_topk_mask_fp32_bisect_index_order_ties,broad
VD_TORCH_TOPK,0.8,tiebreak_control,torch.topk tie-break instead of VSA's index-order threshold rule,bf16,kernel,kernel,torch_topk,8640,1.0,0.0,1.0,0.9999864906128999,0.0,0.0,0.0,0.9993055555555556,,0.0008362080140401611,0.21273960173130035,0.9801186621189117,0.21273960173130035,0.0,0.0,0.0,0.0,0.0,0.0005787037037037037,0.0,,0.00011574074074074075,0.0,333.0,0,0,0.0,pool=kernel_fused_block_mean_bf16_read_fp32_acc_bf16_write,score=kernel_bf16_torch_matmul_acc_fp32_bf16_out,select=torch_topk_native_tiebreak,broad
V0,0.8,reference_deployed,VSA as installed: fused_block_mean + bf16 matmul + fused_topk_mask,bf16,kernel,kernel,kernel,7200,1.0,0.0,1.0,0.9999897436782492,0.0,0.0,0.0,1.0,,0.000851135214129158,0.22642487287521362,0.9772848188877106,0.22642487287521362,0.0,0.0,0.0,0.0,0.0,0.0,,,,0.0,321.0,0,72,0.00013354700854700856,pool=kernel_fused_block_mean_bf16_read_fp32_acc_bf16_write,score=kernel_bf16_torch_matmul_acc_fp32_bf16_out,select=kernel_fused_topk_mask_fp32_bisect_index_order_ties,unaffected
V0_FP64,0.8,reference_exact,exact selector on the same bf16 Q/K: how far deployed VSA already is from optimal,bf16,fp64,fp64,exact_index_order,7200,0.9936102236421726,0.0054463357156818715,0.9967948717948718,0.9999999999999996,0.4006410256410256,0.3701923076923077,0.0012841058514135436,0.0,0.0008613121397649422,0.000851135214129158,0.2265622764825821,0.9772533774375916,0.22642487287521362,0.0001728832721710205,0.00027475133538246155,0.0008127943497439668,0.0008216771699668902,0.002382866875077247,0.9186111111111112,-0.0005584582686424255,3.230262023789002,0.28847222222222224,0.0,0.0,0,0,0.0,pool=fp64_values_acc_fp64_valid_token_denominator,score=fp64_values_acc_fp64,select=exact_stable_sort_index_order_ties_at_float64,unaffected
VA_FP8,0.8,intervention_a,"routing input quantized to FP8-E4M3, kernel arithmetic unchanged",fp8_e4m3,kernel,kernel,kernel,7200,0.991421568627451,0.0037850578834504045,0.9956923076923077,0.9999603984846044,0.5384615384615384,0.4775641025641026,0.0017258382642998027,0.0,0.001266138018696256,0.000851135214129158,0.22635648399591446,0.9772805273532867,0.22642487287521362,-1.0207295417785645e-06,0.00012764707207679749,-5.010346043014165e-06,0.0002905512450935984,0.0009278731579805625,0.4955555555555556,-0.0008506923913955688,833.4160583941606,0.3188888888888889,9.292211871070322e-07,322.0,0,48,0.00013354700854700856,pool=kernel_fused_block_mean_bf16_read_fp32_acc_bf16_write,score=kernel_bf16_torch_matmul_acc_fp32_bf16_out,select=kernel_fused_topk_mask_fp32_bisect_index_order_ties,unaffected
VA_NVFP4,0.8,intervention_a,"routing input quantized to NVFP4, kernel arithmetic unchanged",nvfp4,kernel,kernel,kernel,7200,0.9781139444352865,0.006925114620101924,0.9889358974358974,0.9996752185172955,1.3830128205128205,0.8509615384615384,0.004432733399079553,0.0,0.0037211578206781293,0.000851135214129158,0.22641675919294357,0.9773449003696442,0.22642487287521362,-5.88148832321167e-05,0.0003394968807697296,-0.00025489963164248907,0.0007474898678614702,0.003048602486748744,0.4001388888888889,-0.0021485239267349243,36.53027615910818,0.3318055555555556,0.08985430002212524,324.0,0,48,0.00013354700854700856,pool=kernel_fused_block_mean_bf16_read_fp32_acc_bf16_write,score=kernel_bf16_torch_matmul_acc_fp32_bf16_out,select=kernel_fused_topk_mask_fp32_bisect_index_order_ties,unaffected
VA_NVFP4_VB_FP64,0.8,intervention_ab,the H3 question at VSA's interface: can exact arithmetic rescue a quantized routing input?,nvfp4,fp64,fp64,exact_index_order,7200,0.9781641115380226,0.0069003524486227485,0.9889615384615384,0.9996757641118221,1.3798076923076923,0.8493589743589743,0.004422460552268245,0.0,0.0032876777769209322,0.000851135214129158,0.22649258375167847,0.977270245552063,0.22642487287521362,0.0001234598457813263,0.00042877160012722015,0.000547075751537696,0.0010268206030287577,0.0035407757500312566,0.67125,-0.0021251067519187927,17.21293865604538,0.32222222222222224,0.08985430002212524,0.0,0,0,0.0,pool=fp64_values_acc_fp64_valid_token_denominator,score=fp64_values_acc_fp64,select=exact_stable_sort_index_order_ties_at_float64,unaffected
VB_BF16_LOW,0.8,intervention_b,selector arithmetic lowered to true bf16 accumulation,bf16,bf16_low,bf16_low,kernel,7200,0.9773868072808396,0.013675223011329063,0.9885641025641025,0.9998483848731736,1.4294871794871795,0.8653846153846154,0.004581689677843524,0.0,0.004042982570413772,0.000851135214129158,0.22636111080646515,0.9773275256156921,0.22642487287521362,-5.094707012176514e-05,0.00023632124066352844,-0.0002403270509943808,0.0005523167794697103,0.0017937552750550232,0.3651388888888889,-0.002010069787502289,39.45408014039193,0.3491666666666667,0.0,323.0,0,696,0.00040064102564102563,pool=bf16_values_sequential_acc_bf16_valid_token_denominator,score=bf16_values_sequential_rank1_acc_bf16,select=kernel_fused_topk_mask_fp32_bisect_index_order_ties,unaffected
VB_FP32,0.8,intervention_b,selector arithmetic raised to fp32,bf16,fp32,fp32,exact_index_order,7200,0.9936102236421726,0.0054463357156818715,0.9967948717948718,0.9999999995053201,0.4006410256410256,0.3701923076923077,0.0012841058514135436,0.0,0.0008613121397649422,0.000851135214129158,0.2265622764825821,0.9772533476352692,0.22642487287521362,0.0001728832721710205,0.00027475133538246155,0.0008127943497439668,0.0008216771699668902,0.002382866875077247,0.9186111111111112,-0.0005572959780693054,3.2235390449922425,0.28680555555555554,0.0,0.0,0,0,0.0,pool=fp32_values_acc_fp32_valid_token_denominator,score=fp32_values_acc_fp32_tf32_disabled,select=exact_stable_sort_index_order_ties_at_float32,unaffected
VC_GATE_NVFP4,0.8,non_routing_control,gate_compress quantized to NVFP4; must NOT change the mask (falsifies the gate map if it does),bf16,kernel,kernel,kernel,7200,1.0,0.0,1.0,0.9999897436782492,0.0,0.0,0.0,1.0,,0.000851135214129158,0.22642487287521362,0.9772848188877106,0.22642487287521362,0.0,0.0,0.0,0.0,0.0,0.0,0.0,,0.0,0.0,321.0,0,72,0.00013354700854700856,pool=kernel_fused_block_mean_bf16_read_fp32_acc_bf16_write,score=kernel_bf16_torch_matmul_acc_fp32_bf16_out,select=kernel_fused_topk_mask_fp32_bisect_index_order_ties,unaffected
VD_TORCH_TOPK,0.8,tiebreak_control,torch.topk tie-break instead of VSA's index-order threshold rule,bf16,kernel,kernel,torch_topk,7200,1.0,0.0,1.0,0.9999897436782492,0.0,0.0,0.0,0.9991666666666666,,0.000851135214129158,0.22642487287521362,0.9772848188877106,0.22642487287521362,0.0,0.0,0.0,0.0,0.0,0.0006944444444444445,0.0,,0.0001388888888888889,0.0,321.0,0,0,0.0,pool=kernel_fused_block_mean_bf16_read_fp32_acc_bf16_write,score=kernel_bf16_torch_matmul_acc_fp32_bf16_out,select=torch_topk_native_tiebreak,unaffected
V0,0.9,reference_deployed,VSA as installed: fused_block_mean + bf16 matmul + fused_topk_mask,bf16,kernel,kernel,kernel,8640,1.0,0.0,1.0,0.9999901301040555,0.0,0.0,0.0,1.0,,0.0012465663552996865,0.18522826582193375,0.983741819858551,0.18522826582193375,0.0,0.0,0.0,0.0,0.0,0.0,,,,0.0,284.0,0,0,0.0,pool=kernel_fused_block_mean_bf16_read_fp32_acc_bf16_write,score=kernel_bf16_torch_matmul_acc_fp32_bf16_out,select=kernel_fused_topk_mask_fp32_bisect_index_order_ties,affected
V0_FP64,0.9,reference_exact,exact selector on the same bf16 Q/K: how far deployed VSA already is from optimal,bf16,fp64,fp64,exact_index_order,8640,0.9896750683267537,0.007538190993866101,0.9948107448107448,0.9999999999999996,0.3269230769230769,0.3092948717948718,0.0010478303747534516,0.0,0.0009800995669530218,0.0012465663552996865,0.1854870319366455,0.9836974143981934,0.18522826582193375,0.0002079010009765625,0.00046265870332717896,0.0012164470519542372,0.00137433725512107,0.005246767544929619,0.8332175925925925,-0.0005018115043640137,2.413704128440367,0.39131944444444444,0.0,0.0,0,0,0.0,pool=fp64_values_acc_fp64_valid_token_denominator,score=fp64_values_acc_fp64,select=exact_stable_sort_index_order_ties_at_float64,affected
VA_FP8,0.9,intervention_a,"routing input quantized to FP8-E4M3, kernel arithmetic unchanged",fp8_e4m3,kernel,kernel,kernel,8640,0.9864076198175893,0.007416665310342685,0.9931573056573056,0.9999553065486761,0.43108974358974356,0.3974358974358974,0.001381697896120973,0.0,0.0014974025274756462,0.0012465663552996865,0.18523383140563965,0.9837421178817749,0.18522826582193375,-6.973743438720703e-06,0.0002497248351573944,-3.2884701360941945e-05,0.0006677358876257099,0.0027733938486694774,0.48310185185185184,-0.0007446557283401489,106.77991452991454,0.402662037037037,9.854635209194385e-06,284.0,0,12,0.00013354700854700856,pool=kernel_fused_block_mean_bf16_read_fp32_acc_bf16_write,score=kernel_bf16_torch_matmul_acc_fp32_bf16_out,select=kernel_fused_topk_mask_fp32_bisect_index_order_ties,affected
VA_NVFP4,0.9,intervention_a,"routing input quantized to NVFP4, kernel arithmetic unchanged",nvfp4,kernel,kernel,kernel,8640,0.9611873285108505,0.019903348075770433,0.9802096052096052,0.9994697791356679,1.2467948717948718,0.8125,0.003996137409598948,0.0,0.004545043893433146,0.0012465663552996865,0.18522489070892334,0.9837416708469391,0.18522826582193375,1.3656914234161377e-05,0.0008610095828771591,5.98978906579451e-05,0.002304758719028062,0.01178499449773601,0.5121527777777778,-0.0018920749425888062,138.54337152209493,0.4184027777777778,0.08339110389351845,284.0,0,0,0.0,pool=kernel_fused_block_mean_bf16_read_fp32_acc_bf16_write,score=kernel_bf16_torch_matmul_acc_fp32_bf16_out,select=kernel_fused_topk_mask_fp32_bisect_index_order_ties,affected
VA_NVFP4_VB_FP64,0.9,intervention_ab,the H3 question at VSA's interface: can exact arithmetic rescue a quantized routing input?,nvfp4,fp64,fp64,exact_index_order,8640,0.9611384101169839,0.020145361588898347,0.9801841676841677,0.9994752592121215,1.248397435897436,0.8125,0.004001273833004602,0.0,0.0041264975034049885,0.0012465663552996865,0.18550905585289001,0.9837026596069336,0.18522826582193375,0.00023108720779418945,0.0009976960718631744,0.0012184654878243295,0.0027338571695848866,0.013145306656701264,0.6623842592592593,-0.0018834024667739868,8.150180551973175,0.4165509259259259,0.08339110389351845,0.0,0,0,0.0,pool=fp64_values_acc_fp64_valid_token_denominator,score=fp64_values_acc_fp64,select=exact_stable_sort_index_order_ties_at_float64,affected
VB_BF16_LOW,0.9,intervention_b,selector arithmetic lowered to true bf16 accumulation,bf16,bf16_low,bf16_low,kernel,8640,0.9650596086076328,0.019917436848523873,0.9822191697191697,0.99983086555384,1.1201923076923077,0.7868589743589743,0.0035903599605522684,0.0,0.004142253324954883,0.0012465663552996865,0.1850564032793045,0.983752578496933,0.18522826582193375,-9.757280349731445e-05,0.0005319882184267044,-0.0004974847960322391,0.0014588218813768989,0.006908008616753385,0.38298611111111114,-0.001599237322807312,16.390195479535738,0.4263888888888889,0.0,284.0,0,12,0.00013354700854700856,pool=bf16_values_sequential_acc_bf16_valid_token_denominator,score=bf16_values_sequential_rank1_acc_bf16,select=kernel_fused_topk_mask_fp32_bisect_index_order_ties,affected
VB_FP32,0.9,intervention_b,selector arithmetic raised to fp32,bf16,fp32,fp32,exact_index_order,8640,0.9896750683267537,0.007538190993866101,0.9948107448107448,0.9999999994261713,0.3269230769230769,0.3092948717948718,0.0010478303747534516,0.0,0.0009800995669530218,0.0012465663552996865,0.1854870319366455,0.9836974143981934,0.18522826582193375,0.0002079010009765625,0.00046265870332717896,0.0012169080716782665,0.00137433725512107,0.005246767544929619,0.8332175925925925,-0.0005165785551071167,2.484733371559633,0.3922453703703704,0.0,0.0,0,0,0.0,pool=fp32_values_acc_fp32_valid_token_denominator,score=fp32_values_acc_fp32_tf32_disabled,select=exact_stable_sort_index_order_ties_at_float32,affected
VC_GATE_NVFP4,0.9,non_routing_control,gate_compress quantized to NVFP4; must NOT change the mask (falsifies the gate map if it does),bf16,kernel,kernel,kernel,8640,1.0,0.0,1.0,0.9999901301040555,0.0,0.0,0.0,1.0,,0.0012465663552996865,0.18522826582193375,0.983741819858551,0.18522826582193375,0.0,0.0,0.0,0.0,0.0,0.0,0.0,,0.0,0.0,284.0,0,0,0.0,pool=kernel_fused_block_mean_bf16_read_fp32_acc_bf16_write,score=kernel_bf16_torch_matmul_acc_fp32_bf16_out,select=kernel_fused_topk_mask_fp32_bisect_index_order_ties,affected
VD_TORCH_TOPK,0.9,tiebreak_control,torch.topk tie-break instead of VSA's index-order threshold rule,bf16,kernel,kernel,torch_topk,8640,1.0,0.0,1.0,0.9999901301040555,0.0,0.0,0.0,1.0,,0.0012465663552996865,0.18522826582193375,0.983741819858551,0.18522826582193375,0.0,0.0,0.0,0.0,0.0,0.0,0.0,,0.0,0.0,284.0,0,0,0.0,pool=kernel_fused_block_mean_bf16_read_fp32_acc_bf16_write,score=kernel_bf16_torch_matmul_acc_fp32_bf16_out,select=torch_topk_native_tiebreak,affected
V0,0.9,reference_deployed,VSA as installed: fused_block_mean + bf16 matmul + fused_topk_mask,bf16,kernel,kernel,kernel,43200,1.0,0.0,1.0,0.9999895437920592,0.0,0.0,0.0,1.0,,0.00128844940920768,0.2784554660320282,0.9671685695648193,0.2784554660320282,0.0,0.0,0.0,0.0,0.0,0.0,,,,0.0,296.0,0,84,0.00013354700854700856,pool=kernel_fused_block_mean_bf16_read_fp32_acc_bf16_write,score=kernel_bf16_torch_matmul_acc_fp32_bf16_out,select=kernel_fused_topk_mask_fp32_bisect_index_order_ties,all
V0_FP64,0.9,reference_exact,exact selector on the same bf16 Q/K: how far deployed VSA already is from optimal,bf16,fp64,fp64,exact_index_order,43200,0.9891213600829812,0.007840910291508463,0.994530932030932,0.9999999999999996,0.34455128205128205,0.32371794871794873,0.0011043310322156475,0.0,0.0010705336715679705,0.00128844940920768,0.27903813123703003,0.967049241065979,0.2784554660320282,0.00033248215913772583,0.0006623696535825729,0.0013031300603349183,0.0013451251067417413,0.0043993043368758785,0.900625,-0.0010577738285064697,3.1814453781512606,0.30439814814814814,0.0,0.0,0,0,0.0,pool=fp64_values_acc_fp64_valid_token_denominator,score=fp64_values_acc_fp64,select=exact_stable_sort_index_order_ties_at_float64,all
VA_FP8,0.9,intervention_a,"routing input quantized to FP8-E4M3, kernel arithmetic unchanged",fp8_e4m3,kernel,kernel,kernel,43200,0.9868593955321945,0.0063208824836595845,0.9933862433862434,0.9999580367564629,0.41666666666666663,0.38461538461538464,0.0013354700854700855,0.0,0.0015460739460099679,0.00128844940920768,0.27839891612529755,0.9671642184257507,0.2784554660320282,-4.552304744720459e-06,0.00024525076150894165,-1.7226087480789303e-05,0.0004530297194798052,0.0016646052414104923,0.48891203703703706,-0.0014122575521469116,310.2291325695581,0.32944444444444443,1.401982785864675e-06,296.0,0,132,0.00013354700854700856,pool=kernel_fused_block_mean_bf16_read_fp32_acc_bf16_write,score=kernel_bf16_torch_matmul_acc_fp32_bf16_out,select=kernel_fused_topk_mask_fp32_bisect_index_order_ties,all
VA_NVFP4,0.9,intervention_a,"routing input quantized to NVFP4, kernel arithmetic unchanged",nvfp4,kernel,kernel,kernel,43200,0.9686514096850117,0.013433169485023155,0.9840761090761091,0.9996695662304294,1.0032051282051282,0.7387820512820513,0.0032154010519395136,0.0,0.003727189168004047,0.00128844940920768,0.2782863974571228,0.967176616191864,0.2784554660320282,-1.5340745449066162e-05,0.000628206878900528,-5.677434781127568e-05,0.0011184691881916662,0.005908096221258026,0.4851388888888889,-0.003444686532020569,224.5449247207382,0.3358333333333333,0.0880279578268528,297.0,0,36,0.00013354700854700856,pool=kernel_fused_block_mean_bf16_read_fp32_acc_bf16_write,score=kernel_bf16_torch_matmul_acc_fp32_bf16_out,select=kernel_fused_topk_mask_fp32_bisect_index_order_ties,all
VA_NVFP4_VB_FP64,0.9,intervention_ab,the H3 question at VSA's interface: can exact arithmetic rescue a quantized routing input?,nvfp4,fp64,fp64,exact_index_order,43200,0.9686514096850117,0.013432497398663368,0.9840761090761091,0.9996731379467548,1.0032051282051282,0.7403846153846154,0.0032154010519395136,0.0,0.003244067985690557,0.00128844940920768,0.27892598509788513,0.9670670926570892,0.2784554660320282,0.00034093111753463745,0.0009207054972648621,0.0012443262094226615,0.001752196929469492,0.007443181317214763,0.7478703703703704,-0.0033992230892181396,9.970410192530432,0.3249074074074074,0.0880279578268528,0.0,0,0,0.0,pool=fp64_values_acc_fp64_valid_token_denominator,score=fp64_values_acc_fp64,select=exact_stable_sort_index_order_ties_at_float64,all
VB_BF16_LOW,0.9,intervention_b,selector arithmetic lowered to true bf16 accumulation,bf16,bf16_low,bf16_low,kernel,43200,0.9621662091340155,0.021871910300729325,0.9807183557183557,0.9998349180054558,1.2147435897435896,0.8141025641025641,0.0038934089414858646,0.0,0.004890562758661555,0.00128844940920768,0.2783515155315399,0.9671797156333923,0.2784554660320282,-7.644295692443848e-05,0.0004904195666313171,-0.00027890189022554553,0.000875177790750286,0.0036410412300986158,0.4,-0.003648318350315094,47.726023391812866,0.3490740740740741,0.0,296.0,0,516,0.0002670940170940171,pool=bf16_values_sequential_acc_bf16_valid_token_denominator,score=bf16_values_sequential_rank1_acc_bf16,select=kernel_fused_topk_mask_fp32_bisect_index_order_ties,all
VB_FP32,0.9,intervention_b,selector arithmetic raised to fp32,bf16,fp32,fp32,exact_index_order,43200,0.9891213600829812,0.007840910291508463,0.994530932030932,0.9999999994261715,0.34455128205128205,0.32371794871794873,0.0011043310322156475,0.0,0.0010705382025877322,0.00128844940920768,0.27903813123703003,0.9670493900775909,0.2784554660320282,0.00033250823616981506,0.0006623193621635437,0.0013030183263397243,0.0013451251067417413,0.0043993043368758785,0.900625,-0.0010461285710334778,3.146173409368453,0.302962962962963,0.0,0.0,0,0,0.0,pool=fp32_values_acc_fp32_valid_token_denominator,score=fp32_values_acc_fp32_tf32_disabled,select=exact_stable_sort_index_order_ties_at_float32,all
VC_GATE_NVFP4,0.9,non_routing_control,gate_compress quantized to NVFP4; must NOT change the mask (falsifies the gate map if it does),bf16,kernel,kernel,kernel,43200,1.0,0.0,1.0,0.9999895437920592,0.0,0.0,0.0,1.0,,0.00128844940920768,0.2784554660320282,0.9671685695648193,0.2784554660320282,0.0,0.0,0.0,0.0,0.0,0.0,0.0,,0.0,0.0,296.0,0,84,0.00013354700854700856,pool=kernel_fused_block_mean_bf16_read_fp32_acc_bf16_write,score=kernel_bf16_torch_matmul_acc_fp32_bf16_out,select=kernel_fused_topk_mask_fp32_bisect_index_order_ties,all
VD_TORCH_TOPK,0.9,tiebreak_control,torch.topk tie-break instead of VSA's index-order threshold rule,bf16,kernel,kernel,torch_topk,43200,1.0,0.0,1.0,0.9999895437920592,0.0,0.0,0.0,0.999837962962963,,0.00128844940920768,0.2784554660320282,0.9671685695648193,0.2784554660320282,0.0,0.0,0.0,0.0,0.0,0.0001388888888888889,0.0,,0.0001388888888888889,0.0,296.0,0,0,0.0,pool=kernel_fused_block_mean_bf16_read_fp32_acc_bf16_write,score=kernel_bf16_torch_matmul_acc_fp32_bf16_out,select=torch_topk_native_tiebreak,all
V0,0.9,reference_deployed,VSA as installed: fused_block_mean + bf16 matmul + fused_topk_mask,bf16,kernel,kernel,kernel,8640,1.0,0.0,1.0,0.9999864906128999,0.0,0.0,0.0,1.0,,0.0012758865597568441,0.3131096810102463,0.9602594673633575,0.3131096810102463,0.0,0.0,0.0,0.0,0.0,0.0,,,,0.0,300.0,0,24,0.00013354700854700856,pool=kernel_fused_block_mean_bf16_read_fp32_acc_bf16_write,score=kernel_bf16_torch_matmul_acc_fp32_bf16_out,select=kernel_fused_topk_mask_fp32_bisect_index_order_ties,broad
V0_FP64,0.9,reference_exact,exact selector on the same bf16 Q/K: how far deployed VSA already is from optimal,bf16,fp64,fp64,exact_index_order,8640,0.9888697763836891,0.00879256681952989,0.9944037444037443,0.9999999999999996,0.35256410256410253,0.3301282051282051,0.0011300131492439185,0.0,0.001105720372784065,0.0012758865597568441,0.3133730888366699,0.9600936770439148,0.3131096810102463,0.0003631711006164551,0.0007252097129821777,0.0012870297199758685,0.0013019715445963557,0.004461777510547446,0.905787037037037,-0.0012214034795761108,3.363162645658953,0.303587962962963,0.0,0.0,0,0,0.0,pool=fp64_values_acc_fp64_valid_token_denominator,score=fp64_values_acc_fp64,select=exact_stable_sort_index_order_ties_at_float64,broad
VA_FP8,0.9,intervention_a,"routing input quantized to FP8-E4M3, kernel arithmetic unchanged",fp8_e4m3,kernel,kernel,kernel,8640,0.986708780795957,0.006432090289218317,0.9933099308099308,0.9999574084873992,0.421474358974359,0.3894230769230769,0.001350879355687048,0.0,0.0015679599552199143,0.0012758865597568441,0.31295762956142426,0.960249125957489,0.3131096810102463,-7.927417755126953e-06,0.0002626664936542511,-2.740952084522769e-05,0.00043332442546561105,0.0014771953554127636,0.4828703703703704,-0.0015771687030792236,198.95112781954887,0.33587962962962964,1.401982785864675e-06,300.0,0,60,0.00013354700854700856,pool=kernel_fused_block_mean_bf16_read_fp32_acc_bf16_write,score=kernel_bf16_torch_matmul_acc_fp32_bf16_out,select=kernel_fused_topk_mask_fp32_bisect_index_order_ties,broad
VA_NVFP4,0.9,intervention_a,"routing input quantized to NVFP4, kernel arithmetic unchanged",nvfp4,kernel,kernel,kernel,8640,0.9686021182303012,0.01097668353635517,0.9840506715506715,0.9996812796984721,1.0048076923076923,0.7403846153846154,0.0032205374753451676,0.0,0.003693507709395247,0.0012758865597568441,0.31303344666957855,0.960300475358963,0.3131096810102463,-1.640617847442627e-05,0.0006540119647979736,-5.312766335729587e-05,0.0010451531756224906,0.005028543137297408,0.4842592592592593,-0.0038208365440368652,232.89009990917347,0.33796296296296297,0.08881035447120667,301.0,0,0,0.0,pool=kernel_fused_block_mean_bf16_read_fp32_acc_bf16_write,score=kernel_bf16_torch_matmul_acc_fp32_bf16_out,select=kernel_fused_topk_mask_fp32_bisect_index_order_ties,broad
VA_NVFP4_VB_FP64,0.9,intervention_ab,the H3 question at VSA's interface: can exact arithmetic rescue a quantized routing input?,nvfp4,fp64,fp64,exact_index_order,8640,0.9686021182303012,0.011075684927627227,0.9840506715506715,0.9996847245703012,1.0048076923076923,0.7419871794871795,0.0032205374753451676,0.0,0.0032450456983147595,0.0012758865597568441,0.31343957781791687,0.9601042568683624,0.3131096810102463,0.00038079917430877686,0.0010060742497444153,0.0012767749647234576,0.0017702890998965415,0.0069382161729022295,0.7440972222222222,-0.003809213638305664,10.003208765407944,0.32349537037037035,0.08881035447120667,0.0,0,0,0.0,pool=fp64_values_acc_fp64_valid_token_denominator,score=fp64_values_acc_fp64,select=exact_stable_sort_index_order_ties_at_float64,broad
VB_BF16_LOW,0.9,intervention_b,selector arithmetic lowered to true bf16 accumulation,bf16,bf16_low,bf16_low,kernel,8640,0.9604049269435995,0.023439952270680964,0.9798026048026048,0.9998095408271301,1.2724358974358974,0.8317307692307693,0.004078320184089415,0.0,0.005254100018008234,0.0012758865597568441,0.31309373676776886,0.9603102505207062,0.3131096810102463,-6.277859210968018e-05,0.0005339346826076508,-0.00020997326072051656,0.0008252400919344675,0.0032549678874335105,0.418287037037037,-0.0041743069887161255,66.4925231426537,0.35,0.0,301.0,0,156,0.00013354700854700856,pool=bf16_values_sequential_acc_bf16_valid_token_denominator,score=bf16_values_sequential_rank1_acc_bf16,select=kernel_fused_topk_mask_fp32_bisect_index_order_ties,broad
VB_FP32,0.9,intervention_b,selector arithmetic raised to fp32,bf16,fp32,fp32,exact_index_order,8640,0.9888697763836891,0.00879256681952989,0.9944037444037443,0.9999999993865968,0.35256410256410253,0.3301282051282051,0.0011300131492439185,0.0,0.0011058402647116557,0.0012758865597568441,0.3133730888366699,0.9600936770439148,0.3131096810102463,0.0003631711006164551,0.0007251203060150146,0.0012860549968157894,0.0013018393332754796,0.004462002102816494,0.905787037037037,-0.0011886656284332275,3.273018217626785,0.30104166666666665,0.0,0.0,0,0,0.0,pool=fp32_values_acc_fp32_valid_token_denominator,score=fp32_values_acc_fp32_tf32_disabled,select=exact_stable_sort_index_order_ties_at_float32,broad
VC_GATE_NVFP4,0.9,non_routing_control,gate_compress quantized to NVFP4; must NOT change the mask (falsifies the gate map if it does),bf16,kernel,kernel,kernel,8640,1.0,0.0,1.0,0.9999864906128999,0.0,0.0,0.0,1.0,,0.0012758865597568441,0.3131096810102463,0.9602594673633575,0.3131096810102463,0.0,0.0,0.0,0.0,0.0,0.0,0.0,,0.0,0.0,300.0,0,24,0.00013354700854700856,pool=kernel_fused_block_mean_bf16_read_fp32_acc_bf16_write,score=kernel_bf16_torch_matmul_acc_fp32_bf16_out,select=kernel_fused_topk_mask_fp32_bisect_index_order_ties,broad
VD_TORCH_TOPK,0.9,tiebreak_control,torch.topk tie-break instead of VSA's index-order threshold rule,bf16,kernel,kernel,torch_topk,8640,1.0,0.0,1.0,0.9999864906128999,0.0,0.0,0.0,0.9997685185185186,,0.0012758865597568441,0.3131096810102463,0.9602594673633575,0.3131096810102463,0.0,0.0,0.0,0.0,0.0,0.0002314814814814815,0.0,,0.0002314814814814815,0.0,300.0,0,0,0.0,pool=kernel_fused_block_mean_bf16_read_fp32_acc_bf16_write,score=kernel_bf16_torch_matmul_acc_fp32_bf16_out,select=torch_topk_native_tiebreak,broad
V0,0.9,reference_deployed,VSA as installed: fused_block_mean + bf16 matmul + fused_topk_mask,bf16,kernel,kernel,kernel,7200,1.0,0.0,1.0,0.9999897436782492,0.0,0.0,0.0,1.0,,0.0012974418366165366,0.3197249472141266,0.9576036930084229,0.3197249472141266,0.0,0.0,0.0,0.0,0.0,0.0,,,,0.0,301.0,0,12,0.00013354700854700856,pool=kernel_fused_block_mean_bf16_read_fp32_acc_bf16_write,score=kernel_bf16_torch_matmul_acc_fp32_bf16_out,select=kernel_fused_topk_mask_fp32_bisect_index_order_ties,unaffected
V0_FP64,0.9,reference_exact,exact selector on the same bf16 Q/K: how far deployed VSA already is from optimal,bf16,fp64,fp64,exact_index_order,7200,0.9888194672804999,0.007790056758390729,0.9943783068783069,0.9999999999999996,0.35416666666666663,0.3333333333333333,0.0011351495726495727,0.0,0.0010989015751470747,0.0012974418366165366,0.3202742338180542,0.957416296005249,0.3197249472141266,0.00036691129207611084,0.000658063217997551,0.001277906162601069,0.0012863779966487002,0.0035864386315715494,0.9247222222222222,-0.001606374979019165,4.378101774763433,0.2363888888888889,0.0,0.0,0,0,0.0,pool=fp64_values_acc_fp64_valid_token_denominator,score=fp64_values_acc_fp64,select=exact_stable_sort_index_order_ties_at_float64,unaffected
VA_FP8,0.9,intervention_a,"routing input quantized to FP8-E4M3, kernel arithmetic unchanged",fp8_e4m3,kernel,kernel,kernel,7200,0.9872109187413117,0.006273093111245354,0.993564306064306,0.9999603984846044,0.40544871794871795,0.375,0.0012995151216305062,0.0,0.0015557379956061875,0.0012974418366165366,0.31947699189186096,0.9575624167919159,0.3197249472141266,-1.3932585716247559e-06,0.00022793002426624298,-5.0064580274417604e-06,0.0003812862743359082,0.001243713660763678,0.4965277777777778,-0.0020751208066940308,1489.4010695187167,0.25875,9.292211871070322e-07,302.0,0,0,0.0,pool=kernel_fused_block_mean_bf16_read_fp32_acc_bf16_write,score=kernel_bf16_torch_matmul_acc_fp32_bf16_out,select=kernel_fused_topk_mask_fp32_bisect_index_order_ties,unaffected
VA_NVFP4,0.9,intervention_a,"routing input quantized to NVFP4, kernel arithmetic unchanged",nvfp4,kernel,kernel,kernel,7200,0.9702300405953992,0.011536321281505169,0.9848901098901099,0.9996752185172955,0.9519230769230769,0.7163461538461539,0.00305103550295858,0.0,0.003580418579391431,0.0012974418366165366,0.31955307722091675,0.9575425684452057,0.3197249472141266,-5.85019588470459e-05,0.0005210340023040771,-0.00018163571053570414,0.0008329587512841031,0.0034484209498715037,0.43777777777777777,-0.0048569440841674805,83.0219052470708,0.26319444444444445,0.08985430002212524,301.5,0,0,0.0,pool=kernel_fused_block_mean_bf16_read_fp32_acc_bf16_write,score=kernel_bf16_torch_matmul_acc_fp32_bf16_out,select=kernel_fused_topk_mask_fp32_bisect_index_order_ties,unaffected
VA_NVFP4_VB_FP64,0.9,intervention_ab,the H3 question at VSA's interface: can exact arithmetic rescue a quantized routing input?,nvfp4,fp64,fp64,exact_index_order,7200,0.9701806700578846,0.011585332542523141,0.9848646723646723,0.9996757641118221,0.953525641025641,0.717948717948718,0.003056171926364234,0.0,0.003065979764887215,0.0012974418366165366,0.31989070773124695,0.957362174987793,0.3197249472141266,0.00030813366174697876,0.0007782205939292908,0.0010186241238975303,0.0013565156380973612,0.0047653273150482294,0.7590277777777777,-0.004811897873878479,15.616268104553038,0.25277777777777777,0.08985430002212524,0.0,0,0,0.0,pool=fp64_values_acc_fp64_valid_token_denominator,score=fp64_values_acc_fp64,select=exact_stable_sort_index_order_ties_at_float64,unaffected
VB_BF16_LOW,0.9,intervention_b,selector arithmetic lowered to true bf16 accumulation,bf16,bf16_low,bf16_low,kernel,7200,0.9619213973799127,0.022212020148447253,0.9805911680911681,0.9998483848731736,1.2227564102564101,0.8173076923076923,0.003919091058514136,0.0,0.004917068828877292,0.0012974418366165366,0.3196867108345032,0.9575559794902802,0.3197249472141266,-8.869171142578125e-05,0.0004546605050563812,-0.00031695275550932037,0.0007326031100215326,0.002576444349457635,0.37166666666666665,-0.005841784179210663,65.86617943548387,0.2726388888888889,0.0,302.0,0,36,0.00013354700854700856,pool=bf16_values_sequential_acc_bf16_valid_token_denominator,score=bf16_values_sequential_rank1_acc_bf16,select=kernel_fused_topk_mask_fp32_bisect_index_order_ties,unaffected
VB_FP32,0.9,intervention_b,selector arithmetic raised to fp32,bf16,fp32,fp32,exact_index_order,7200,0.9888194672804999,0.007790056758390729,0.9943783068783069,0.9999999995053201,0.35416666666666663,0.3333333333333333,0.0011351495726495727,0.0,0.0010989015751470747,0.0012974418366165366,0.3202742338180542,0.957416296005249,0.3197249472141266,0.00036691129207611084,0.000658063217997551,0.001277906162601069,0.0012863779966487002,0.0035864386315715494,0.9247222222222222,-0.001620456576347351,4.416480526337164,0.2325,0.0,0.0,0,0,0.0,pool=fp32_values_acc_fp32_valid_token_denominator,score=fp32_values_acc_fp32_tf32_disabled,select=exact_stable_sort_index_order_ties_at_float32,unaffected
VC_GATE_NVFP4,0.9,non_routing_control,gate_compress quantized to NVFP4; must NOT change the mask (falsifies the gate map if it does),bf16,kernel,kernel,kernel,7200,1.0,0.0,1.0,0.9999897436782492,0.0,0.0,0.0,1.0,,0.0012974418366165366,0.3197249472141266,0.9576036930084229,0.3197249472141266,0.0,0.0,0.0,0.0,0.0,0.0,0.0,,0.0,0.0,301.0,0,12,0.00013354700854700856,pool=kernel_fused_block_mean_bf16_read_fp32_acc_bf16_write,score=kernel_bf16_torch_matmul_acc_fp32_bf16_out,select=kernel_fused_topk_mask_fp32_bisect_index_order_ties,unaffected
VD_TORCH_TOPK,0.9,tiebreak_control,torch.topk tie-break instead of VSA's index-order threshold rule,bf16,kernel,kernel,torch_topk,7200,1.0,0.0,1.0,0.9999897436782492,0.0,0.0,0.0,0.9998611111111111,,0.0012974418366165366,0.3197249472141266,0.9576036930084229,0.3197249472141266,0.0,0.0,0.0,0.0,0.0,0.0001388888888888889,0.0,,0.0001388888888888889,0.0,301.0,0,0,0.0,pool=kernel_fused_block_mean_bf16_read_fp32_acc_bf16_write,score=kernel_bf16_torch_matmul_acc_fp32_bf16_out,select=torch_topk_native_tiebreak,unaffected
V0,0.95,reference_deployed,VSA as installed: fused_block_mean + bf16 matmul + fused_topk_mask,bf16,kernel,kernel,kernel,8640,1.0,0.0,1.0,0.9999901301040555,0.0,0.0,0.0,1.0,,0.002020461239201225,0.23221831023693085,0.97508105635643,0.23221831023693085,0.0,0.0,0.0,0.0,0.0,0.0,,,,0.0,235.0,0,0,0.0,pool=kernel_fused_block_mean_bf16_read_fp32_acc_bf16_write,score=kernel_bf16_torch_matmul_acc_fp32_bf16_out,select=kernel_fused_topk_mask_fp32_bisect_index_order_ties,affected
V0_FP64,0.95,reference_exact,exact selector on the same bf16 Q/K: how far deployed VSA already is from optimal,bf16,fp64,fp64,exact_index_order,8640,0.9846933704403141,0.012294393266077064,0.9922876602564102,0.9999999999999996,0.24679487179487178,0.2387820512820513,0.0007910092044707429,0.0,0.0011440051369032286,0.002020461239201225,0.23252003639936447,0.9749880433082581,0.23221831023693085,0.0003161206841468811,0.0006650686264038086,0.001471481531674622,0.0017060212792652865,0.00650732111538041,0.8168981481481481,-0.0008969232439994812,2.8372811049046645,0.3736111111111111,0.0,0.0,0,0,0.0,pool=fp64_values_acc_fp64_valid_token_denominator,score=fp64_values_acc_fp64,select=exact_stable_sort_index_order_ties_at_float64,affected
VA_FP8,0.95,intervention_a,"routing input quantized to FP8-E4M3, kernel arithmetic unchanged",fp8_e4m3,kernel,kernel,kernel,8640,0.9820338478336393,0.01207130611918128,0.9909354967948718,0.9999553065486761,0.29006410256410253,0.27884615384615385,0.0009296926364234057,0.0,0.0017055798316644617,0.002020461239201225,0.23232603818178177,0.9750904142856598,0.23221831023693085,-8.210539817810059e-06,0.0003782622516155243,-3.6822808036167397e-05,0.0008135122867321176,0.003218586066550596,0.48541666666666666,-0.0012131035327911377,147.74954627949182,0.3787037037037037,9.854635209194385e-06,235.0,0,0,0.0,pool=kernel_fused_block_mean_bf16_read_fp32_acc_bf16_write,score=kernel_bf16_torch_matmul_acc_fp32_bf16_out,select=kernel_fused_topk_mask_fp32_bisect_index_order_ties,affected
VA_NVFP4,0.95,intervention_a,"routing input quantized to NVFP4, kernel arithmetic unchanged",nvfp4,kernel,kernel,kernel,8640,0.9524787327662071,0.02610277919691273,0.9756610576923077,0.9994697791356679,0.7788461538461539,0.6306089743589743,0.002496301775147929,0.0,0.004157046631200795,0.002020461239201225,0.23290041834115982,0.9751103818416595,0.23221831023693085,2.0191073417663574e-05,0.0011282823979854584,8.49159506190619e-05,0.0022905023430788746,0.014014615845474813,0.5146990740740741,-0.0029655396938323975,146.8738007380074,0.38819444444444445,0.08339110389351845,237.0,0,0,0.0,pool=kernel_fused_block_mean_bf16_read_fp32_acc_bf16_write,score=kernel_bf16_torch_matmul_acc_fp32_bf16_out,select=kernel_fused_topk_mask_fp32_bisect_index_order_ties,affected
VA_NVFP4_VB_FP64,0.95,intervention_ab,the H3 question at VSA's interface: can exact arithmetic rescue a quantized routing input?,nvfp4,fp64,fp64,exact_index_order,8640,0.9523832803715473,0.026304619086845338,0.9756109775641025,0.9994752592121215,0.780448717948718,0.6330128205128205,0.0025014381985535832,0.0,0.0036766985343026936,0.002020461239201225,0.23302429169416428,0.9750243723392487,0.23221831023693085,0.0003191158175468445,0.0013269111514091492,0.001300335633482006,0.0028265192292932957,0.015495270182034329,0.6737268518518519,-0.0029700174927711487,9.307020615909037,0.3840277777777778,0.08339110389351845,0.0,0,0,0.0,pool=fp64_values_acc_fp64_valid_token_denominator,score=fp64_values_acc_fp64,select=exact_stable_sort_index_order_ties_at_float64,affected
VB_BF16_LOW,0.95,intervention_b,selector arithmetic lowered to true bf16 accumulation,bf16,bf16_low,bf16_low,kernel,8640,0.9506667317930934,0.03352823395177651,0.9747095352564102,0.99983086555384,0.8092948717948718,0.6522435897435898,0.0025938938198553584,0.0,0.004349535589818182,0.002020461239201225,0.2321382611989975,0.9751389026641846,0.23221831023693085,-0.00011648237705230713,0.0008384957909584045,-0.0004907705457938853,0.0017284470085105373,0.008375589543475925,0.4111111111111111,-0.002919711172580719,25.06569016246642,0.3988425925925926,0.0,236.5,0,12,0.00013354700854700856,pool=bf16_values_sequential_acc_bf16_valid_token_denominator,score=bf16_values_sequential_rank1_acc_bf16,select=kernel_fused_topk_mask_fp32_bisect_index_order_ties,affected
VB_FP32,0.95,intervention_b,selector arithmetic raised to fp32,bf16,fp32,fp32,exact_index_order,8640,0.9846933704403141,0.012294393266077064,0.9922876602564102,0.9999999994261713,0.24679487179487178,0.2387820512820513,0.0007910092044707429,0.0,0.0011440051369032286,0.002020461239201225,0.23252003639936447,0.9749880433082581,0.23221831023693085,0.0003161206841468811,0.0006650686264038086,0.001471481531674622,0.0017075521196058276,0.00650732111538041,0.8168981481481481,-0.000896800309419632,2.8368922199439064,0.3747685185185185,0.0,0.0,0,0,0.0,pool=fp32_values_acc_fp32_valid_token_denominator,score=fp32_values_acc_fp32_tf32_disabled,select=exact_stable_sort_index_order_ties_at_float32,affected
VC_GATE_NVFP4,0.95,non_routing_control,gate_compress quantized to NVFP4; must NOT change the mask (falsifies the gate map if it does),bf16,kernel,kernel,kernel,8640,1.0,0.0,1.0,0.9999901301040555,0.0,0.0,0.0,1.0,,0.002020461239201225,0.23221831023693085,0.97508105635643,0.23221831023693085,0.0,0.0,0.0,0.0,0.0,0.0,0.0,,0.0,0.0,235.0,0,0,0.0,pool=kernel_fused_block_mean_bf16_read_fp32_acc_bf16_write,score=kernel_bf16_torch_matmul_acc_fp32_bf16_out,select=kernel_fused_topk_mask_fp32_bisect_index_order_ties,affected
VD_TORCH_TOPK,0.95,tiebreak_control,torch.topk tie-break instead of VSA's index-order threshold rule,bf16,kernel,kernel,torch_topk,8640,1.0,0.0,1.0,0.9999901301040555,0.0,0.0,0.0,1.0,,0.002020461239201225,0.23221831023693085,0.97508105635643,0.23221831023693085,0.0,0.0,0.0,0.0,0.0,0.0,0.0,,0.0,0.0,235.0,0,0,0.0,pool=kernel_fused_block_mean_bf16_read_fp32_acc_bf16_write,score=kernel_bf16_torch_matmul_acc_fp32_bf16_out,select=torch_topk_native_tiebreak,affected
V0,0.95,reference_deployed,VSA as installed: fused_block_mean + bf16 matmul + fused_topk_mask,bf16,kernel,kernel,kernel,43200,1.0,0.0,1.0,0.9999895437920592,0.0,0.0,0.0,1.0,,0.002095591570336031,0.3497391641139984,0.9514458477497101,0.3497391641139984,0.0,0.0,0.0,0.0,0.0,0.0,,,,0.0,243.0,0,36,0.00013354700854700856,pool=kernel_fused_block_mean_bf16_read_fp32_acc_bf16_write,score=kernel_bf16_torch_matmul_acc_fp32_bf16_out,select=kernel_fused_topk_mask_fp32_bisect_index_order_ties,all
V0_FP64,0.95,reference_exact,exact selector on the same bf16 Q/K: how far deployed VSA already is from optimal,bf16,fp64,fp64,exact_index_order,43200,0.9840031794922748,0.011219705739860308,0.9919370993589743,0.9999999999999996,0.2580128205128205,0.2483974358974359,0.0008269641683103222,0.0,0.00120020707501854,0.002095591570336031,0.35023945569992065,0.9511892199516296,0.3497391641139984,0.0004999935626983643,0.0009489096701145172,0.0015126574862697284,0.00156917281136242,0.004909432658602398,0.8957407407407407,-0.0018600523471832275,3.720152589855159,0.27956018518518516,0.0,0.0,0,0,0.0,pool=fp64_values_acc_fp64_valid_token_denominator,score=fp64_values_acc_fp64,select=exact_stable_sort_index_order_ties_at_float64,all
VA_FP8,0.95,intervention_a,"routing input quantized to FP8-E4M3, kernel arithmetic unchanged",fp8_e4m3,kernel,kernel,kernel,43200,0.9826242367075411,0.009829138265276538,0.9912359775641025,0.9999580367564629,0.28044871794871795,0.2692307692307692,0.0008988740959894806,0.0,0.0017655013849187675,0.002095591570336031,0.34967587888240814,0.951444536447525,0.3497391641139984,-3.941357135772705e-06,0.0003696717321872711,-1.1180071085808504e-05,0.0005388608879596387,0.0019845243617228696,0.4930555555555556,-0.002281293272972107,578.8090737240076,0.30344907407407407,1.401982785864675e-06,243.0,0,0,0.0,pool=kernel_fused_block_mean_bf16_read_fp32_acc_bf16_write,score=kernel_bf16_torch_matmul_acc_fp32_bf16_out,select=kernel_fused_topk_mask_fp32_bisect_index_order_ties,all
VA_NVFP4,0.95,intervention_a,"routing input quantized to NVFP4, kernel arithmetic unchanged",nvfp4,kernel,kernel,kernel,43200,0.9601452832040837,0.018714147600197295,0.979667467948718,0.9996695662304294,0.6506410256410257,0.5576923076923077,0.002085387902695595,0.0,0.003557433973298076,0.002095591570336031,0.34936872124671936,0.951413094997406,0.3497391641139984,6.83218240737915e-06,0.0008296370506286621,2.113452342066723e-05,0.0011615246117639229,0.0057416267081997294,0.5057638888888889,-0.005449146032333374,797.5703380588877,0.3046990740740741,0.0880279578268528,244.0,0,12,0.00013354700854700856,pool=kernel_fused_block_mean_bf16_read_fp32_acc_bf16_write,score=kernel_bf16_torch_matmul_acc_fp32_bf16_out,select=kernel_fused_topk_mask_fp32_bisect_index_order_ties,all
VA_NVFP4_VB_FP64,0.95,intervention_ab,the H3 question at VSA's interface: can exact arithmetic rescue a quantized routing input?,nvfp4,fp64,fp64,exact_index_order,43200,0.9599528857479388,0.018708644392526175,0.9795673076923077,0.9996731379467548,0.6538461538461539,0.5625,0.002095660749506903,0.0,0.0030103980994208167,0.002095591570336031,0.34980663657188416,0.9511739015579224,0.3497391641139984,0.0005190223455429077,0.0012622885406017303,0.0015118777871382973,0.0019797652646330504,0.007694183901837676,0.7775462962962963,-0.005442336201667786,10.48574545663346,0.29256944444444444,0.0880279578268528,0.0,0,0,0.0,pool=fp64_values_acc_fp64_valid_token_denominator,score=fp64_values_acc_fp64,select=exact_stable_sort_index_order_ties_at_float64,all
VB_BF16_LOW,0.95,intervention_b,selector arithmetic lowered to true bf16 accumulation,bf16,bf16_low,bf16_low,kernel,43200,0.9464834040064337,0.03279324367825365,0.9725060096153846,0.9998349180054558,0.8798076923076923,0.6891025641025641,0.002819896449704142,0.0,0.005229096318853028,0.002095591570336031,0.34956301748752594,0.9514606595039368,0.3497391641139984,-9.57101583480835e-05,0.0007740985602140427,-0.00028647939592785405,0.0010984028844873938,0.0042811544958284075,0.4228240740740741,-0.00646953284740448,67.5950490425035,0.32263888888888886,0.0,243.0,0,372,0.0002670940170940171,pool=bf16_values_sequential_acc_bf16_valid_token_denominator,score=bf16_values_sequential_rank1_acc_bf16,select=kernel_fused_topk_mask_fp32_bisect_index_order_ties,all
VB_FP32,0.95,intervention_b,selector arithmetic raised to fp32,bf16,fp32,fp32,exact_index_order,43200,0.9840031794922748,0.011219705739860308,0.9919370993589743,0.9999999994261715,0.2580128205128205,0.2483974358974359,0.0008269641683103222,0.0,0.001200220758624968,0.002095591570336031,0.35023945569992065,0.9511892199516296,0.3497391641139984,0.0004999116063117981,0.0009489096701145172,0.0015127304770572586,0.00156917281136242,0.004909432658602398,0.8957175925925925,-0.001863822340965271,3.7283037989775996,0.277662037037037,0.0,0.0,0,0,0.0,pool=fp32_values_acc_fp32_valid_token_denominator,score=fp32_values_acc_fp32_tf32_disabled,select=exact_stable_sort_index_order_ties_at_float32,all
VC_GATE_NVFP4,0.95,non_routing_control,gate_compress quantized to NVFP4; must NOT change the mask (falsifies the gate map if it does),bf16,kernel,kernel,kernel,43200,1.0,0.0,1.0,0.9999895437920592,0.0,0.0,0.0,1.0,,0.002095591570336031,0.3497391641139984,0.9514458477497101,0.3497391641139984,0.0,0.0,0.0,0.0,0.0,0.0,0.0,,0.0,0.0,243.0,0,36,0.00013354700854700856,pool=kernel_fused_block_mean_bf16_read_fp32_acc_bf16_write,score=kernel_bf16_torch_matmul_acc_fp32_bf16_out,select=kernel_fused_topk_mask_fp32_bisect_index_order_ties,all
VD_TORCH_TOPK,0.95,tiebreak_control,torch.topk tie-break instead of VSA's index-order threshold rule,bf16,kernel,kernel,torch_topk,43200,1.0,0.0,1.0,0.9999895437920592,0.0,0.0,0.0,0.9999305555555555,,0.002095591570336031,0.3497391641139984,0.9514458477497101,0.3497391641139984,0.0,0.0,0.0,0.0,0.0,4.6296296296296294e-05,0.0,,2.3148148148148147e-05,0.0,243.0,0,0,0.0,pool=kernel_fused_block_mean_bf16_read_fp32_acc_bf16_write,score=kernel_bf16_torch_matmul_acc_fp32_bf16_out,select=torch_topk_native_tiebreak,all
V0,0.95,reference_deployed,VSA as installed: fused_block_mean + bf16 matmul + fused_topk_mask,bf16,kernel,kernel,kernel,8640,1.0,0.0,1.0,0.9999864906128999,0.0,0.0,0.0,1.0,,0.002116779254409831,0.3815566450357437,0.9441673457622528,0.3815566450357437,0.0,0.0,0.0,0.0,0.0,0.0,,,,0.0,245.0,0,0,0.0,pool=kernel_fused_block_mean_bf16_read_fp32_acc_bf16_write,score=kernel_bf16_torch_matmul_acc_fp32_bf16_out,select=kernel_fused_topk_mask_fp32_bisect_index_order_ties,broad
V0_FP64,0.95,reference_exact,exact selector on the same bf16 Q/K: how far deployed VSA already is from optimal,bf16,fp64,fp64,exact_index_order,8640,0.9838060702399285,0.012202696760638121,0.9918369391025641,0.9999999999999996,0.26121794871794873,0.2532051282051282,0.0008372370151216305,0.0,0.0012229932173409685,0.002116779254409831,0.3822885751724243,0.9439926147460938,0.3815566450357437,0.0005258321762084961,0.00103851780295372,0.00140231655295115,0.0014240805553542538,0.0047899453307767206,0.8984953703703704,-0.002030417323112488,3.8613409657673996,0.2741898148148148,0.0,0.0,0,0,0.0,pool=fp64_values_acc_fp64_valid_token_denominator,score=fp64_values_acc_fp64,select=exact_stable_sort_index_order_ties_at_float64,broad
VA_FP8,0.95,intervention_a,"routing input quantized to FP8-E4M3, kernel arithmetic unchanged",fp8_e4m3,kernel,kernel,kernel,8640,0.9828211111662778,0.010122509591006246,0.9913361378205128,0.9999574084873992,0.27724358974358976,0.266025641025641,0.0008886012491781723,0.0,0.001790169892819975,0.002116779254409831,0.3815939128398895,0.9441131055355072,0.3815566450357437,-9.08970832824707e-07,0.0003580637276172638,-2.283589166661001e-06,0.0004833846239410243,0.001664994525496615,0.4984953703703704,-0.0025375783443450928,2791.7049180327867,0.30995370370370373,1.401982785864675e-06,245.0,0,0,0.0,pool=kernel_fused_block_mean_bf16_read_fp32_acc_bf16_write,score=kernel_bf16_torch_matmul_acc_fp32_bf16_out,select=kernel_fused_topk_mask_fp32_bisect_index_order_ties,broad
VA_NVFP4,0.95,intervention_a,"routing input quantized to NVFP4, kernel arithmetic unchanged",nvfp4,kernel,kernel,kernel,8640,0.9613967879770149,0.015376935883650189,0.9803185096153846,0.9996812796984721,0.6298076923076923,0.5464743589743589,0.0020186143984220906,0.0,0.003524668890531558,0.002116779254409831,0.3816564083099365,0.9440507590770721,0.3815566450357437,1.52587890625e-05,0.000807739794254303,4.230687577803966e-05,0.0010276718485337862,0.00440469552262621,0.5114583333333333,-0.005833983421325684,382.3359375,0.30821759259259257,0.08881035447120667,244.0,0,0,0.0,pool=kernel_fused_block_mean_bf16_read_fp32_acc_bf16_write,score=kernel_bf16_torch_matmul_acc_fp32_bf16_out,select=kernel_fused_topk_mask_fp32_bisect_index_order_ties,broad
VA_NVFP4_VB_FP64,0.95,intervention_ab,the H3 question at VSA's interface: can exact arithmetic rescue a quantized routing input?,nvfp4,fp64,fp64,exact_index_order,8640,0.9610596883829452,0.01556457202114625,0.9801432291666667,0.9996847245703012,0.6354166666666666,0.5496794871794872,0.00203659188034188,0.0,0.0030189868490236925,0.002116779254409831,0.38226184248924255,0.9439476132392883,0.3815566450357437,0.0005648136138916016,0.001347023993730545,0.0014865481898079756,0.0019150841969713757,0.0066694168454724785,0.7805555555555556,-0.005877554416656494,10.40618404390038,0.29618055555555556,0.08881035447120667,0.0,0,0,0.0,pool=fp64_values_acc_fp64_valid_token_denominator,score=fp64_values_acc_fp64,select=exact_stable_sort_index_order_ties_at_float64,broad
VB_BF16_LOW,0.95,intervention_b,selector arithmetic lowered to true bf16 accumulation,bf16,bf16_low,bf16_low,kernel,8640,0.9443984614635571,0.034986791982203,0.9714042467948718,0.9998095408271301,0.9150641025641025,0.7067307692307693,0.002932897764628534,0.0,0.0055560017524431855,0.002116779254409831,0.38149552047252655,0.944172203540802,0.3815566450357437,-5.6937336921691895e-05,0.0007781311869621277,-0.00016346479440601535,0.0009893725715093887,0.00368254884391123,0.4579861111111111,-0.007253170013427734,127.38864171682806,0.3296296296296296,0.0,245.0,0,168,0.0002670940170940171,pool=bf16_values_sequential_acc_bf16_valid_token_denominator,score=bf16_values_sequential_rank1_acc_bf16,select=kernel_fused_topk_mask_fp32_bisect_index_order_ties,broad
VB_FP32,0.95,intervention_b,selector arithmetic raised to fp32,bf16,fp32,fp32,exact_index_order,8640,0.9838060702399285,0.012202696760638121,0.9918369391025641,0.9999999993865968,0.26121794871794873,0.25240384615384615,0.0008372370151216305,0.0,0.0012229932173409685,0.002116779254409831,0.3822885751724243,0.9439926147460938,0.3815566450357437,0.000525742769241333,0.001038726419210434,0.00140231655295115,0.0014240805553542538,0.0047899453307767206,0.8983796296296296,-0.002044208347797394,3.888229125333031,0.2767361111111111,0.0,0.0,0,0,0.0,pool=fp32_values_acc_fp32_valid_token_denominator,score=fp32_values_acc_fp32_tf32_disabled,select=exact_stable_sort_index_order_ties_at_float32,broad
VC_GATE_NVFP4,0.95,non_routing_control,gate_compress quantized to NVFP4; must NOT change the mask (falsifies the gate map if it does),bf16,kernel,kernel,kernel,8640,1.0,0.0,1.0,0.9999864906128999,0.0,0.0,0.0,1.0,,0.002116779254409831,0.3815566450357437,0.9441673457622528,0.3815566450357437,0.0,0.0,0.0,0.0,0.0,0.0,0.0,,0.0,0.0,245.0,0,0,0.0,pool=kernel_fused_block_mean_bf16_read_fp32_acc_bf16_write,score=kernel_bf16_torch_matmul_acc_fp32_bf16_out,select=kernel_fused_topk_mask_fp32_bisect_index_order_ties,broad
VD_TORCH_TOPK,0.95,tiebreak_control,torch.topk tie-break instead of VSA's index-order threshold rule,bf16,kernel,kernel,torch_topk,8640,1.0,0.0,1.0,0.9999864906128999,0.0,0.0,0.0,1.0,,0.002116779254409831,0.3815566450357437,0.9441673457622528,0.3815566450357437,0.0,0.0,0.0,0.0,0.0,0.0,0.0,,0.0,0.0,245.0,0,0,0.0,pool=kernel_fused_block_mean_bf16_read_fp32_acc_bf16_write,score=kernel_bf16_torch_matmul_acc_fp32_bf16_out,select=torch_topk_native_tiebreak,broad
V0,0.95,reference_deployed,VSA as installed: fused_block_mean + bf16 matmul + fused_topk_mask,bf16,kernel,kernel,kernel,7200,1.0,0.0,1.0,0.9999897436782492,0.0,0.0,0.0,1.0,,0.0020706229620728774,0.4028393477201462,0.9362182021141052,0.4028393477201462,0.0,0.0,0.0,0.0,0.0,0.0,,,,0.0,249.0,0,12,0.00013354700854700856,pool=kernel_fused_block_mean_bf16_read_fp32_acc_bf16_write,score=kernel_bf16_torch_matmul_acc_fp32_bf16_out,select=kernel_fused_topk_mask_fp32_bisect_index_order_ties,unaffected
V0_FP64,0.95,reference_exact,exact selector on the same bf16 Q/K: how far deployed VSA already is from optimal,bf16,fp64,fp64,exact_index_order,7200,0.9836090001490091,0.010529198244144,0.9917367788461539,0.9999999999999996,0.2644230769230769,0.2548076923076923,0.0008475098619329388,0.0,0.0012240544704007442,0.0020706229620728774,0.4035670906305313,0.9358799457550049,0.4028393477201462,0.0005667880177497864,0.0009328499436378479,0.0015055832392910514,0.0015135433564585933,0.0042660389946426016,0.9368055555555556,-0.0028377175331115723,5.006664651058851,0.2115277777777778,0.0,0.0,0,0,0.0,pool=fp64_values_acc_fp64_valid_token_denominator,score=fp64_values_acc_fp64,select=exact_stable_sort_index_order_ties_at_float64,unaffected
VA_FP8,0.95,intervention_a,"routing input quantized to FP8-E4M3, kernel arithmetic unchanged",fp8_e4m3,kernel,kernel,kernel,7200,0.9827226690497468,0.009928908566066985,0.9912860576923077,0.9999603984846044,0.27884615384615385,0.2676282051282051,0.0008937376725838264,0.0,0.001769408161919828,0.0020706229620728774,0.4026995450258255,0.9362245798110962,0.4028393477201462,-5.081295967102051e-06,0.00036440789699554443,-1.3819742705283263e-05,0.00047848604250724325,0.001541440487973669,0.49069444444444443,-0.003404945135116577,670.0938416422288,0.2288888888888889,9.292211871070322e-07,248.0,0,0,0.0,pool=kernel_fused_block_mean_bf16_read_fp32_acc_bf16_write,score=kernel_bf16_torch_matmul_acc_fp32_bf16_out,select=kernel_fused_topk_mask_fp32_bisect_index_order_ties,unaffected
VA_NVFP4,0.95,intervention_a,"routing input quantized to NVFP4, kernel arithmetic unchanged",nvfp4,kernel,kernel,kernel,7200,0.9610360913331697,0.017203857635386455,0.9801186869194527,0.9996752185172955,0.6362179487179487,0.5480769230769231,0.002037875986193294,0.0,0.0034411913123175227,0.0020706229620728774,0.40284326672554016,0.9363412261009216,0.4028393477201462,-3.680586814880371e-05,0.0007395707070827484,-9.88915152660389e-05,0.0009573515486541015,0.0036143628837867745,0.4683333333333333,-0.007891058921813965,214.39676113360323,0.22819444444444445,0.08985430002212524,249.0,0,0,0.0,pool=kernel_fused_block_mean_bf16_read_fp32_acc_bf16_write,score=kernel_bf16_torch_matmul_acc_fp32_bf16_out,select=kernel_fused_topk_mask_fp32_bisect_index_order_ties,unaffected
VA_NVFP4_VB_FP64,0.95,intervention_ab,the H3 question at VSA's interface: can exact arithmetic rescue a quantized routing input?,nvfp4,fp64,fp64,exact_index_order,7200,0.9607227022780833,0.017390967686838454,0.9799679487179487,0.9996757641118221,0.641025641025641,0.5528846153846154,0.00205456936226167,0.0,0.002876813159080455,0.0020706229620728774,0.40354545414447784,0.936019241809845,0.4028393477201462,0.0005310177803039551,0.0010756775736808777,0.0014375849476349258,0.0016831566333454376,0.005370694400871021,0.8005555555555556,-0.007848232984542847,14.77960489392749,0.2175,0.08985430002212524,0.0,0,0,0.0,pool=fp64_values_acc_fp64_valid_token_denominator,score=fp64_values_acc_fp64,select=exact_stable_sort_index_order_ties_at_float64,unaffected
VB_BF16_LOW,0.95,intervention_b,selector arithmetic lowered to true bf16 accumulation,bf16,bf16_low,bf16_low,kernel,7200,0.9451561054015879,0.03266216957467494,0.9718048878205128,0.9998483848731736,0.9022435897435898,0.6971153846153846,0.0028918063773833006,0.0,0.005353993953857635,0.0020706229620728774,0.4024965614080429,0.9363619089126587,0.4028393477201462,-0.00012530386447906494,0.0007295459508895874,-0.000336314854208874,0.000944549724892712,0.003202256042943586,0.39125,-0.010272592306137085,81.98144844809133,0.24541666666666667,0.0,249.0,0,0,0.0,pool=bf16_values_sequential_acc_bf16_valid_token_denominator,score=bf16_values_sequential_rank1_acc_bf16,select=kernel_fused_topk_mask_fp32_bisect_index_order_ties,unaffected
VB_FP32,0.95,intervention_b,selector arithmetic raised to fp32,bf16,fp32,fp32,exact_index_order,7200,0.9836090001490091,0.010529198244144,0.9917367788461539,0.9999999995053201,0.2644230769230769,0.2548076923076923,0.0008475098619329388,0.0,0.0012240544704007442,0.0020706229620728774,0.4035670906305313,0.9358799457550049,0.4028393477201462,0.0005668848752975464,0.0009328499436378479,0.0015055832392910514,0.0015135433564585933,0.0042660389946426016,0.9368055555555556,-0.002876952290534973,5.075020371684673,0.20819444444444443,0.0,0.0,0,0,0.0,pool=fp32_values_acc_fp32_valid_token_denominator,score=fp32_values_acc_fp32_tf32_disabled,select=exact_stable_sort_index_order_ties_at_float32,unaffected
VC_GATE_NVFP4,0.95,non_routing_control,gate_compress quantized to NVFP4; must NOT change the mask (falsifies the gate map if it does),bf16,kernel,kernel,kernel,7200,1.0,0.0,1.0,0.9999897436782492,0.0,0.0,0.0,1.0,,0.0020706229620728774,0.4028393477201462,0.9362182021141052,0.4028393477201462,0.0,0.0,0.0,0.0,0.0,0.0,0.0,,0.0,0.0,249.0,0,12,0.00013354700854700856,pool=kernel_fused_block_mean_bf16_read_fp32_acc_bf16_write,score=kernel_bf16_torch_matmul_acc_fp32_bf16_out,select=kernel_fused_topk_mask_fp32_bisect_index_order_ties,unaffected
VD_TORCH_TOPK,0.95,tiebreak_control,torch.topk tie-break instead of VSA's index-order threshold rule,bf16,kernel,kernel,torch_topk,7200,1.0,0.0,1.0,0.9999897436782492,0.0,0.0,0.0,0.9998611111111111,,0.0020706229620728774,0.4028393477201462,0.9362182021141052,0.4028393477201462,0.0,0.0,0.0,0.0,0.0,0.0,0.0,,0.0,0.0,249.0,0,0,0.0,pool=kernel_fused_block_mean_bf16_read_fp32_acc_bf16_write,score=kernel_bf16_torch_matmul_acc_fp32_bf16_out,select=torch_topk_native_tiebreak,unaffected
