arm,cfg_branch,sparsity,intervention_kind,purpose,representation,pool,score,selection_rule,n_cells,jaccard_median,jaccard_iqr,recall_median,spearman_rho_vs_exact_median,swaps_per_query_block_median,frac_query_blocks_changed_median,frac_decisions_changed_median,frac_cells_mask_identical_to_deployed,changed_pair_gap_fp64_median,reference_margin_norm_fp64_median,rel_l2_median,cosine_median,sparsification_error_median,wrong_mask_excess_median,wrong_mask_excess_iqr,signed_wrong_mask_over_sparsification_median,abs_wrong_mask_over_sparsification_median,abs_wrong_mask_over_sparsification_p90,frac_cells_arm_worse_than_deployed,random_matched_excess_median,isolation_ratio_abs,frac_cells_random_worse_than_arm,representation_saturation_frac_median,deployed_score_ties_median,exact_ties_fp64_total,selector_budget_violating_rows_total,selector_budget_violating_frac_max,pool_semantics,score_semantics,select_semantics
V0,negative,0.8,reference_deployed,VSA as installed: fused_block_mean + bf16 matmul + fused_topk_mask,bf16,kernel,kernel,kernel,21600,1.0,0.0,1.0,0.9999895175390139,0.0,0.0,0.0,1.0,,0.0008366163812478612,0.19181013852357864,0.9833711981773376,0.19181013852357864,0.0,0.0,0.0,0.0,0.0,0.0,,,,0.0,322.0,0,156,0.00013354700854700856,pool=kernel_fused_block_mean_bf16_read_fp32_acc_bf16_write,score=kernel_bf16_torch_matmul_acc_fp32_bf16_out,select=kernel_fused_topk_mask_fp32_bisect_index_order_ties
V0,negative,0.9,reference_deployed,VSA as installed: fused_block_mean + bf16 matmul + fused_topk_mask,bf16,kernel,kernel,kernel,21600,1.0,0.0,1.0,0.9999895175390139,0.0,0.0,0.0,1.0,,0.0012840092540768885,0.2776983678340912,0.9672228991985321,0.2776983678340912,0.0,0.0,0.0,0.0,0.0,0.0,,,,0.0,297.0,0,24,0.00013354700854700856,pool=kernel_fused_block_mean_bf16_read_fp32_acc_bf16_write,score=kernel_bf16_torch_matmul_acc_fp32_bf16_out,select=kernel_fused_topk_mask_fp32_bisect_index_order_ties
V0,negative,0.95,reference_deployed,VSA as installed: fused_block_mean + bf16 matmul + fused_topk_mask,bf16,kernel,kernel,kernel,21600,1.0,0.0,1.0,0.9999895175390139,0.0,0.0,0.0,1.0,,0.002087272753560246,0.35013139247894287,0.9513758718967438,0.35013139247894287,0.0,0.0,0.0,0.0,0.0,0.0,,,,0.0,244.0,0,12,0.00013354700854700856,pool=kernel_fused_block_mean_bf16_read_fp32_acc_bf16_write,score=kernel_bf16_torch_matmul_acc_fp32_bf16_out,select=kernel_fused_topk_mask_fp32_bisect_index_order_ties
V0,positive,0.8,reference_deployed,VSA as installed: fused_block_mean + bf16 matmul + fused_topk_mask,bf16,kernel,kernel,kernel,21600,1.0,0.0,1.0,0.999989562121772,0.0,0.0,0.0,1.0,,0.0008442532453607535,0.19547734409570694,0.9827820360660553,0.19547734409570694,0.0,0.0,0.0,0.0,0.0,0.0,,,,0.0,321.0,0,180,0.00013354700854700856,pool=kernel_fused_block_mean_bf16_read_fp32_acc_bf16_write,score=kernel_bf16_torch_matmul_acc_fp32_bf16_out,select=kernel_fused_topk_mask_fp32_bisect_index_order_ties
V0,positive,0.9,reference_deployed,VSA as installed: fused_block_mean + bf16 matmul + fused_topk_mask,bf16,kernel,kernel,kernel,21600,1.0,0.0,1.0,0.999989562121772,0.0,0.0,0.0,1.0,,0.0012945462276439243,0.2789868116378784,0.9670859575271606,0.2789868116378784,0.0,0.0,0.0,0.0,0.0,0.0,,,,0.0,296.0,0,60,0.00013354700854700856,pool=kernel_fused_block_mean_bf16_read_fp32_acc_bf16_write,score=kernel_bf16_torch_matmul_acc_fp32_bf16_out,select=kernel_fused_topk_mask_fp32_bisect_index_order_ties
V0,positive,0.95,reference_deployed,VSA as installed: fused_block_mean + bf16 matmul + fused_topk_mask,bf16,kernel,kernel,kernel,21600,1.0,0.0,1.0,0.999989562121772,0.0,0.0,0.0,1.0,,0.0021043708223563292,0.34931039810180664,0.9514718353748322,0.34931039810180664,0.0,0.0,0.0,0.0,0.0,0.0,,,,0.0,243.0,0,24,0.00013354700854700856,pool=kernel_fused_block_mean_bf16_read_fp32_acc_bf16_write,score=kernel_bf16_torch_matmul_acc_fp32_bf16_out,select=kernel_fused_topk_mask_fp32_bisect_index_order_ties
V0_FP64,negative,0.8,reference_exact,exact selector on the same bf16 Q/K: how far deployed VSA already is from optimal,bf16,fp64,fp64,exact_index_order,21600,0.9935592700506057,0.005599609475142486,0.9967692307692307,0.9999999999999996,0.40384615384615385,0.3717948717948718,0.0012943786982248522,0.0,0.0008485870405908016,0.0008366163812478612,0.19216221570968628,0.9832979440689087,0.19181013852357864,0.00016923993825912476,0.0003224555402994156,0.0009693605335968819,0.0010049552042229151,0.0030507550727492234,0.8941666666666667,-0.0003140456974506378,1.8556240369799692,0.35712962962962963,0.0,0.0,0,0,0.0,pool=fp64_values_acc_fp64_valid_token_denominator,score=fp64_values_acc_fp64,select=exact_stable_sort_index_order_ties_at_float64
V0_FP64,negative,0.9,reference_exact,exact selector on the same bf16 Q/K: how far deployed VSA already is from optimal,bf16,fp64,fp64,exact_index_order,21600,0.9890710382513661,0.007941034013593695,0.9945054945054945,0.9999999999999996,0.34615384615384615,0.32532051282051283,0.0011094674556213018,0.0,0.0010729577330321097,0.0012840092540768885,0.2784676104784012,0.9671083688735962,0.2776983678340912,0.00034417957067489624,0.0007261261343955994,0.001366434639547809,0.0013964988564103852,0.0045801259315695906,0.9048148148148148,-0.00104590505361557,3.038835371793484,0.30712962962962964,0.0,0.0,0,0,0.0,pool=fp64_values_acc_fp64_valid_token_denominator,score=fp64_values_acc_fp64,select=exact_stable_sort_index_order_ties_at_float64
V0_FP64,negative,0.95,reference_exact,exact selector on the same bf16 Q/K: how far deployed VSA already is from optimal,bf16,fp64,fp64,exact_index_order,21600,0.9839046199701937,0.011342026097603708,0.9918870192307693,0.9999999999999996,0.2596153846153846,0.25,0.0008321005917159764,0.0,0.001198561497225295,0.002087272753560246,0.3505331873893738,0.9511053264141083,0.35013139247894287,0.000512734055519104,0.000988740473985672,0.0015609879366588137,0.0016222845799401826,0.004956330605651332,0.8975925925925926,-0.0018329322338104248,3.574820541137493,0.2836111111111111,0.0,0.0,0,0,0.0,pool=fp64_values_acc_fp64_valid_token_denominator,score=fp64_values_acc_fp64,select=exact_stable_sort_index_order_ties_at_float64
V0_FP64,positive,0.8,reference_exact,exact selector on the same bf16 Q/K: how far deployed VSA already is from optimal,bf16,fp64,fp64,exact_index_order,21600,0.9935847465208112,0.005504424817995512,0.9967820512820513,0.9999999999999996,0.4022435897435897,0.3701923076923077,0.001289242274819198,0.0,0.0008504082829617443,0.0008442532453607535,0.19569868594408035,0.9827443659305573,0.19547734409570694,0.00015241652727127075,0.0002804715186357498,0.0008499175765071196,0.0008905782206107335,0.0027330080258397855,0.8799074074074074,-0.00034343451261520386,2.25326294178032,0.3514351851851852,0.0,0.0,0,0,0.0,pool=fp64_values_acc_fp64_valid_token_denominator,score=fp64_values_acc_fp64,select=exact_stable_sort_index_order_ties_at_float64
V0_FP64,positive,0.9,reference_exact,exact selector on the same bf16 Q/K: how far deployed VSA already is from optimal,bf16,fp64,fp64,exact_index_order,21600,0.9891213600829812,0.007690705757996685,0.994530932030932,0.9999999999999996,0.34455128205128205,0.32371794871794873,0.0011043310322156475,0.0,0.0010683717912891946,0.0012945462276439243,0.27954261004924774,0.9669539034366608,0.2789868116378784,0.0003208145499229431,0.0006099068559706211,0.0012509346669525906,0.0012929337881132626,0.00424289828587723,0.8964351851851852,-0.001072414219379425,3.3427854803873753,0.3016666666666667,0.0,0.0,0,0,0.0,pool=fp64_values_acc_fp64_valid_token_denominator,score=fp64_values_acc_fp64,select=exact_stable_sort_index_order_ties_at_float64
V0_FP64,positive,0.95,reference_exact,exact selector on the same bf16 Q/K: how far deployed VSA already is from optimal,bf16,fp64,fp64,exact_index_order,21600,0.9841017488076311,0.011023960224235019,0.9919871794871795,0.9999999999999996,0.2564102564102564,0.2483974358974359,0.000821827744904668,0.0,0.00120348357322892,0.0021043708223563292,0.35005418956279755,0.9512543082237244,0.34931039810180664,0.00048698484897613525,0.000906623899936676,0.0014631797869743151,0.0015219162954139853,0.004871314549539473,0.8938888888888888,-0.0018968209624290466,3.89503075181298,0.27550925925925923,0.0,0.0,0,0,0.0,pool=fp64_values_acc_fp64_valid_token_denominator,score=fp64_values_acc_fp64,select=exact_stable_sort_index_order_ties_at_float64
VA_FP8,negative,0.8,intervention_a,"routing input quantized to FP8-E4M3, kernel arithmetic unchanged",fp8_e4m3,kernel,kernel,kernel,21600,0.9910403185664509,0.004037646320186772,0.9955,0.9999575966918808,0.5625,0.4951923076923077,0.0018028846153846155,0.0,0.0012886978686200284,0.0008366163812478612,0.1917995885014534,0.9833788275718689,0.19181013852357864,-1.8998980522155762e-07,0.00014714151620864868,-9.989273411205157e-07,0.0003937872561578634,0.0013552142665472344,0.4993518518518518,-0.0005221441388130188,2748.274509803922,0.3921296296296296,1.3856806617695838e-06,321.0,0,132,0.00013354700854700856,pool=kernel_fused_block_mean_bf16_read_fp32_acc_bf16_write,score=kernel_bf16_torch_matmul_acc_fp32_bf16_out,select=kernel_fused_topk_mask_fp32_bisect_index_order_ties
VA_FP8,negative,0.9,intervention_a,"routing input quantized to FP8-E4M3, kernel arithmetic unchanged",fp8_e4m3,kernel,kernel,kernel,21600,0.9867589831707687,0.006420565731701466,0.9933353683353683,0.9999575966918808,0.4198717948717949,0.38621794871794873,0.0013457429322813938,0.0,0.0015477581138922687,0.0012840092540768885,0.27766554057598114,0.9672317802906036,0.2776983678340912,-6.973743438720703e-06,0.0002505071461200714,-2.602147957619223e-05,0.0004624574621375625,0.0017030090266493166,0.4841666666666667,-0.0013993680477142334,200.66239316239316,0.332037037037037,1.3856806617695838e-06,296.0,0,72,0.00013354700854700856,pool=kernel_fused_block_mean_bf16_read_fp32_acc_bf16_write,score=kernel_bf16_torch_matmul_acc_fp32_bf16_out,select=kernel_fused_topk_mask_fp32_bisect_index_order_ties
VA_FP8,negative,0.95,intervention_a,"routing input quantized to FP8-E4M3, kernel arithmetic unchanged",fp8_e4m3,kernel,kernel,kernel,21600,0.982525814138205,0.010023734279226648,0.9911858974358975,0.9999575966918808,0.28205128205128205,0.2708333333333333,0.0009040105193951348,0.0,0.0017657180962766213,0.002087272753560246,0.3499771058559418,0.9514055252075195,0.35013139247894287,-5.945563316345215e-06,0.0003824271261692047,-2.0341457559468342e-05,0.0005625039629663271,0.0020306520506536262,0.4897222222222222,-0.0023162364959716797,389.57393483709274,0.3063425925925926,1.3856806617695838e-06,243.0,0,0,0.0,pool=kernel_fused_block_mean_bf16_read_fp32_acc_bf16_write,score=kernel_bf16_torch_matmul_acc_fp32_bf16_out,select=kernel_fused_topk_mask_fp32_bisect_index_order_ties
VA_FP8,positive,0.8,intervention_a,"routing input quantized to FP8-E4M3, kernel arithmetic unchanged",fp8_e4m3,kernel,kernel,kernel,21600,0.9911928010721808,0.0038097317343550596,0.995576923076923,0.99995856021911,0.5528846153846154,0.48878205128205127,0.0017720660749506903,0.0,0.0012782796438510994,0.0008442532453607535,0.1954496204853058,0.9827772974967957,0.19547734409570694,-8.270144462585449e-07,0.00014453567564487457,-4.298429677323988e-06,0.0003819537522772029,0.001340087749301396,0.49680555555555556,-0.0005656406283378601,683.9549549549549,0.38134259259259257,1.4345870340548572e-06,321.0,0,216,0.00013354700854700856,pool=kernel_fused_block_mean_bf16_read_fp32_acc_bf16_write,score=kernel_bf16_torch_matmul_acc_fp32_bf16_out,select=kernel_fused_topk_mask_fp32_bisect_index_order_ties
VA_FP8,positive,0.9,intervention_a,"routing input quantized to FP8-E4M3, kernel arithmetic unchanged",fp8_e4m3,kernel,kernel,kernel,21600,0.9869096055191934,0.006221179081736361,0.9934116809116809,0.99995856021911,0.41506410256410253,0.38301282051282054,0.0013303336620644312,0.0,0.0015445700886582221,0.0012945462276439243,0.27903471887111664,0.9670948684215546,0.2789868116378784,-2.466142177581787e-06,0.00024081021547317505,-9.277949792938759e-06,0.0004409431590155665,0.0016211731228928702,0.49365740740740743,-0.0014240667223930359,577.4471299093656,0.32685185185185184,1.4345870340548572e-06,296.0,0,60,0.00013354700854700856,pool=kernel_fused_block_mean_bf16_read_fp32_acc_bf16_write,score=kernel_bf16_torch_matmul_acc_fp32_bf16_out,select=kernel_fused_topk_mask_fp32_bisect_index_order_ties
VA_FP8,positive,0.95,intervention_a,"routing input quantized to FP8-E4M3, kernel arithmetic unchanged",fp8_e4m3,kernel,kernel,kernel,21600,0.9827226690497468,0.009535679816801146,0.9912860576923077,0.99995856021911,0.27884615384615385,0.2676282051282051,0.0008937376725838264,0.0,0.0017652582776566332,0.0021043708223563292,0.3493407964706421,0.9514514207839966,0.34931039810180664,-1.8961727619171143e-06,0.0003575459122657776,-5.194801416966247e-06,0.0005189602394783616,0.0019357535653843465,0.4963888888888889,-0.002256833016872406,1190.2043222003929,0.3005555555555556,1.4345870340548572e-06,243.0,0,0,0.0,pool=kernel_fused_block_mean_bf16_read_fp32_acc_bf16_write,score=kernel_bf16_torch_matmul_acc_fp32_bf16_out,select=kernel_fused_topk_mask_fp32_bisect_index_order_ties
VA_NVFP4,negative,0.8,intervention_a,"routing input quantized to NVFP4, kernel arithmetic unchanged",nvfp4,kernel,kernel,kernel,21600,0.9768104923018438,0.008633601344328001,0.9882692307692308,0.9996659376022513,1.4663461538461537,0.8685897435897436,0.00469982741617357,0.0,0.003941371573228858,0.0008366163812478612,0.19178619235754013,0.9833638072013855,0.19181013852357864,-3.2901763916015625e-05,0.00041762739419937134,-0.0001729164076290532,0.0011090104200090828,0.005067902060717346,0.4543055555555556,-0.0012963563203811646,39.400815217391305,0.40444444444444444,0.08807500079274178,321.0,0,120,0.00013354700854700856,pool=kernel_fused_block_mean_bf16_read_fp32_acc_bf16_write,score=kernel_bf16_torch_matmul_acc_fp32_bf16_out,select=kernel_fused_topk_mask_fp32_bisect_index_order_ties
VA_NVFP4,negative,0.9,intervention_a,"routing input quantized to NVFP4, kernel arithmetic unchanged",nvfp4,kernel,kernel,kernel,21600,0.9684542586750788,0.013969203638543926,0.9839743589743589,0.9996659376022513,1.0096153846153846,0.7419871794871795,0.0032359467455621302,0.0,0.0037465562693249532,0.0012840092540768885,0.2777547985315323,0.9672192931175232,0.2776983678340912,-1.3053417205810547e-05,0.0006418153643608093,-4.707710105920596e-05,0.001146157154647018,0.006191814563255653,0.48819444444444443,-0.003438122570514679,263.388698630137,0.3381018518518519,0.08807500079274178,297.0,0,24,0.00013354700854700856,pool=kernel_fused_block_mean_bf16_read_fp32_acc_bf16_write,score=kernel_bf16_torch_matmul_acc_fp32_bf16_out,select=kernel_fused_topk_mask_fp32_bisect_index_order_ties
VA_NVFP4,negative,0.95,intervention_a,"routing input quantized to NVFP4, kernel arithmetic unchanged",nvfp4,kernel,kernel,kernel,21600,0.9599528857479388,0.019377419656217088,0.9795673076923077,0.9996659376022513,0.6538461538461539,0.5592948717948718,0.002095660749506903,0.0,0.003568773132669372,0.002087272753560246,0.34962350130081177,0.9513266980648041,0.35013139247894287,1.586228609085083e-05,0.000844217836856842,4.167998568686496e-05,0.001175724887245274,0.005894287359474498,0.5120370370370371,-0.005470573902130127,344.8792860497886,0.30694444444444446,0.08807500079274178,244.0,0,0,0.0,pool=kernel_fused_block_mean_bf16_read_fp32_acc_bf16_write,score=kernel_bf16_torch_matmul_acc_fp32_bf16_out,select=kernel_fused_topk_mask_fp32_bisect_index_order_ties
VA_NVFP4,positive,0.8,intervention_a,"routing input quantized to NVFP4, kernel arithmetic unchanged",nvfp4,kernel,kernel,kernel,21600,0.9772614928324271,0.008162154735510185,0.9885,0.999673753387611,1.4375,0.8637820512820513,0.004607371794871795,0.0,0.003879372055992051,0.0008442532453607535,0.19539305567741394,0.9827964901924133,0.19547734409570694,-3.0472874641418457e-05,0.0004059523344039917,-0.00015175436731342255,0.001032762626039194,0.004783451711507973,0.45449074074074075,-0.0014369934797286987,47.15647921760391,0.39402777777777775,0.08798587322235107,321.0,0,132,0.00013354700854700856,pool=kernel_fused_block_mean_bf16_read_fp32_acc_bf16_write,score=kernel_bf16_torch_matmul_acc_fp32_bf16_out,select=kernel_fused_topk_mask_fp32_bisect_index_order_ties
VA_NVFP4,positive,0.9,intervention_a,"routing input quantized to NVFP4, kernel arithmetic unchanged",nvfp4,kernel,kernel,kernel,21600,0.968848600190314,0.012847829699746072,0.9841778591778592,0.999673753387611,0.9967948717948718,0.7355769230769231,0.003194855358316897,0.0,0.0037074617022394406,0.0012945462276439243,0.27893055975437164,0.9670953154563904,0.2789868116378784,-1.860782504081726e-05,0.0006164833903312683,-6.713437799769563e-05,0.0010908111447637142,0.005600376367686649,0.4820833333333333,-0.003449834883213043,185.396996996997,0.3335648148148148,0.08798587322235107,296.0,0,12,0.00013354700854700856,pool=kernel_fused_block_mean_bf16_read_fp32_acc_bf16_write,score=kernel_bf16_torch_matmul_acc_fp32_bf16_out,select=kernel_fused_topk_mask_fp32_bisect_index_order_ties
VA_NVFP4,positive,0.95,intervention_a,"routing input quantized to NVFP4, kernel arithmetic unchanged",nvfp4,kernel,kernel,kernel,21600,0.9603377184370705,0.01824053533340364,0.9797676282051282,0.999673753387611,0.6474358974358975,0.5560897435897436,0.0020751150558842866,0.0,0.00354751945544967,0.0021043708223563292,0.34913909435272217,0.9514581263065338,0.34931039810180664,-7.152557373046875e-07,0.0008168183267116547,-1.9312807533813092e-06,0.0011437678863161513,0.0056178574762600275,0.49949074074074074,-0.0054209232330322266,7579.0,0.3024537037037037,0.08798587322235107,243.0,0,12,0.00013354700854700856,pool=kernel_fused_block_mean_bf16_read_fp32_acc_bf16_write,score=kernel_bf16_torch_matmul_acc_fp32_bf16_out,select=kernel_fused_topk_mask_fp32_bisect_index_order_ties
VA_NVFP4_VB_FP64,negative,0.8,intervention_ab,the H3 question at VSA's interface: can exact arithmetic rescue a quantized routing input?,nvfp4,fp64,fp64,exact_index_order,21600,0.9768355424892922,0.008584420799266801,0.9882820512820513,0.9996678992895608,1.4647435897435896,0.8685897435897436,0.004694690992767916,0.0,0.003544405565953537,0.0008366163812478612,0.192024365067482,0.983320027589798,0.19181013852357864,0.00015991181135177612,0.0005571763031184673,0.0008552407992954186,0.0014905901350522797,0.005832863480597523,0.6865740740740741,-0.001290649175643921,8.071005917159763,0.394212962962963,0.08807500079274178,0.0,0,0,0.0,pool=fp64_values_acc_fp64_valid_token_denominator,score=fp64_values_acc_fp64,select=exact_stable_sort_index_order_ties_at_float64
VA_NVFP4_VB_FP64,negative,0.9,intervention_ab,the H3 question at VSA's interface: can exact arithmetic rescue a quantized routing input?,nvfp4,fp64,fp64,exact_index_order,21600,0.9684049770923566,0.013981413128556164,0.9839489214489214,0.9996678992895608,1.0112179487179487,0.7435897435897436,0.0032410831689677843,0.0,0.003276452562109621,0.0012840092540768885,0.27836304903030396,0.9671392738819122,0.2776983678340912,0.0003589801490306854,0.0009799767285585403,0.001306600398401912,0.001819565195821931,0.007801626967545622,0.7526851851851852,-0.0033637434244155884,9.370276973527183,0.327037037037037,0.08807500079274178,0.0,0,0,0.0,pool=fp64_values_acc_fp64_valid_token_denominator,score=fp64_values_acc_fp64,select=exact_stable_sort_index_order_ties_at_float64
VA_NVFP4_VB_FP64,negative,0.95,intervention_ab,the H3 question at VSA's interface: can exact arithmetic rescue a quantized routing input?,nvfp4,fp64,fp64,exact_index_order,21600,0.959760526057513,0.019371722649316858,0.9794671474358975,0.9996678992895608,0.657051282051282,0.5641025641025641,0.0021059335963182118,0.0,0.0030298094004726087,0.002087272753560246,0.34986239671707153,0.9510979354381561,0.35013139247894287,0.0005349069833755493,0.0013097897171974182,0.0015559510619297117,0.0020276053083274166,0.007919960556015253,0.77875,-0.0054902732372283936,10.26397749115525,0.2941666666666667,0.08807500079274178,0.0,0,0,0.0,pool=fp64_values_acc_fp64_valid_token_denominator,score=fp64_values_acc_fp64,select=exact_stable_sort_index_order_ties_at_float64
VA_NVFP4_VB_FP64,positive,0.8,intervention_ab,the H3 question at VSA's interface: can exact arithmetic rescue a quantized routing input?,nvfp4,fp64,fp64,exact_index_order,21600,0.9773116167057482,0.00816256836696716,0.988525641025641,0.9996768178090993,1.4342948717948718,0.8637820512820513,0.004597098948060487,0.0,0.0034656298143830064,0.0008442532453607535,0.19566825777292252,0.9827557504177094,0.19547734409570694,0.00014304369688034058,0.000506475567817688,0.0007291651020505043,0.001372282684378794,0.005364904833551363,0.6723611111111111,-0.0014430508017539978,10.088181676128965,0.3852777777777778,0.08798587322235107,0.0,0,0,0.0,pool=fp64_values_acc_fp64_valid_token_denominator,score=fp64_values_acc_fp64,select=exact_stable_sort_index_order_ties_at_float64
VA_NVFP4_VB_FP64,positive,0.9,intervention_ab,the H3 question at VSA's interface: can exact arithmetic rescue a quantized routing input?,nvfp4,fp64,fp64,exact_index_order,21600,0.968848600190314,0.01289608808654763,0.9841778591778592,0.9996768178090993,0.9967948717948718,0.7387820512820513,0.003194855358316897,0.0,0.0032117944145397957,0.0012945462276439243,0.27965420484542847,0.9669685363769531,0.2789868116378784,0.00032670050859451294,0.0008707121014595032,0.0011785679484260228,0.0016894397801896761,0.0071570389123130265,0.7430555555555556,-0.0034319981932640076,10.505028620949167,0.3227777777777778,0.08798587322235107,0.0,0,0,0.0,pool=fp64_values_acc_fp64_valid_token_denominator,score=fp64_values_acc_fp64,select=exact_stable_sort_index_order_ties_at_float64
VA_NVFP4_VB_FP64,positive,0.95,intervention_ab,the H3 question at VSA's interface: can exact arithmetic rescue a quantized routing input?,nvfp4,fp64,fp64,exact_index_order,21600,0.9600490797546012,0.018235170485232155,0.9796173878205128,0.9996768178090993,0.6522435897435898,0.5592948717948718,0.002090524326101249,0.0,0.002993890338059986,0.0021043708223563292,0.34979522228240967,0.9512740075588226,0.34931039810180664,0.0005040615797042847,0.0012154802680015564,0.0014665257397950774,0.0019331130986201704,0.007526417826932011,0.7763425925925926,-0.005406513810157776,10.725899429449848,0.29097222222222224,0.08798587322235107,0.0,0,0,0.0,pool=fp64_values_acc_fp64_valid_token_denominator,score=fp64_values_acc_fp64,select=exact_stable_sort_index_order_ties_at_float64
VB_BF16_LOW,negative,0.8,intervention_b,selector arithmetic lowered to true bf16 accumulation,bf16,bf16_low,bf16_low,kernel,21600,0.9771612527090912,0.015040951992398188,0.9884487179487179,0.9998346238295788,1.4439102564102564,0.8669871794871795,0.004627917488494411,0.0,0.004017805746467701,0.0008366163812478612,0.1917082592844963,0.9833969175815582,0.19181013852357864,-4.5455992221832275e-05,0.0002735927700996399,-0.0002441719198044258,0.0007179435739578672,0.0027346402483622747,0.3962962962962963,-0.0010357201099395752,22.78511719390264,0.4178703703703704,0.0,321.0,0,1452,0.0006677350427350427,pool=bf16_values_sequential_acc_bf16_valid_token_denominator,score=bf16_values_sequential_rank1_acc_bf16,select=kernel_fused_topk_mask_fp32_bisect_index_order_ties
VB_BF16_LOW,negative,0.9,intervention_b,selector arithmetic lowered to true bf16 accumulation,bf16,bf16_low,bf16_low,kernel,21600,0.9620682771012178,0.022355697121016038,0.9806674806674807,0.9998346238295788,1.2179487179487178,0.8141025641025641,0.0039036817882971728,0.0,0.004877536928398398,0.0012840092540768885,0.2777167409658432,0.9672397077083588,0.2776983678340912,-7.644295692443848e-05,0.0005025602877140045,-0.0002785907642666748,0.000892776401575558,0.003733181721097702,0.40046296296296297,-0.0035855621099472046,46.90506822612086,0.3513425925925926,0.0,296.0,0,252,0.0002670940170940171,pool=bf16_values_sequential_acc_bf16_valid_token_denominator,score=bf16_values_sequential_rank1_acc_bf16,select=kernel_fused_topk_mask_fp32_bisect_index_order_ties
VB_BF16_LOW,negative,0.95,intervention_b,selector arithmetic lowered to true bf16 accumulation,bf16,bf16_low,bf16_low,kernel,21600,0.9463885368944341,0.033281777171993765,0.9724559294871795,0.9998346238295788,0.8814102564102564,0.6891025641025641,0.002825032873109796,0.0,0.0052239146234136875,0.002087272753560246,0.3500361740589142,0.9514488875865936,0.35013139247894287,-9.468942880630493e-05,0.0007905438542366028,-0.00028607894441853377,0.0011177475407538645,0.004342809587965992,0.4237962962962963,-0.006457418203353882,68.19576677944764,0.32439814814814816,0.0,244.0,0,156,0.0002670940170940171,pool=bf16_values_sequential_acc_bf16_valid_token_denominator,score=bf16_values_sequential_rank1_acc_bf16,select=kernel_fused_topk_mask_fp32_bisect_index_order_ties
VB_BF16_LOW,positive,0.8,intervention_b,selector arithmetic lowered to true bf16 accumulation,bf16,bf16_low,bf16_low,kernel,21600,0.9772113715002725,0.014421238025928873,0.988474358974359,0.9998358558572202,1.4407051282051282,0.8653846153846154,0.004617644641683103,0.0,0.004029726965754366,0.0008442532453607535,0.19542284309864044,0.9827817678451538,0.19547734409570694,-4.178285598754883e-05,0.0002614147961139679,-0.00021963446084091878,0.0006810864423341782,0.0026418712070466898,0.40370370370370373,-0.001207541674375534,28.900410128388017,0.4076388888888889,0.0,321.0,0,1344,0.0005341880341880342,pool=bf16_values_sequential_acc_bf16_valid_token_denominator,score=bf16_values_sequential_rank1_acc_bf16,select=kernel_fused_topk_mask_fp32_bisect_index_order_ties
VB_BF16_LOW,positive,0.9,intervention_b,selector arithmetic lowered to true bf16 accumulation,bf16,bf16_low,bf16_low,kernel,21600,0.9622641509433962,0.02148452892033359,0.9807692307692307,0.9998358558572202,1.2115384615384615,0.8141025641025641,0.003883136094674556,0.0,0.004905248398843379,0.0012945462276439243,0.2788427025079727,0.9671013951301575,0.2789868116378784,-7.636845111846924e-05,0.00047923624515533447,-0.0002790951858544639,0.0008571401553509152,0.0035494923591853924,0.399537037037037,-0.003695085644721985,48.3849756097561,0.34680555555555553,0.0,297.0,0,264,0.0002670940170940171,pool=bf16_values_sequential_acc_bf16_valid_token_denominator,score=bf16_values_sequential_rank1_acc_bf16,select=kernel_fused_topk_mask_fp32_bisect_index_order_ties
VB_BF16_LOW,positive,0.95,intervention_b,selector arithmetic lowered to true bf16 accumulation,bf16,bf16_low,bf16_low,kernel,21600,0.9465782803665432,0.03223554319194499,0.9725560897435898,0.9998358558572202,0.8782051282051282,0.6891025641025641,0.002814760026298488,0.0,0.005234386700079407,0.0021043708223563292,0.3492420166730881,0.9514852166175842,0.34931039810180664,-9.6932053565979e-05,0.0007547736167907715,-0.000286707442859823,0.001079471896635589,0.004230788462562578,0.42185185185185187,-0.006480380892753601,66.85488086087625,0.3208796296296296,0.0,243.0,0,216,0.00013354700854700856,pool=bf16_values_sequential_acc_bf16_valid_token_denominator,score=bf16_values_sequential_rank1_acc_bf16,select=kernel_fused_topk_mask_fp32_bisect_index_order_ties
VB_FP32,negative,0.8,intervention_b,selector arithmetic raised to fp32,bf16,fp32,fp32,exact_index_order,21600,0.9935592700506057,0.005599609475142486,0.9967692307692307,0.9999999994261715,0.40384615384615385,0.3717948717948718,0.0012943786982248522,0.0,0.0008485870405908016,0.0008366163812478612,0.19216221570968628,0.9832979440689087,0.19181013852357864,0.00016923993825912476,0.0003224369138479233,0.0009693875865139875,0.0010051774789233308,0.0030507550727492234,0.8942129629629629,-0.0003070458769798279,1.8142637023992956,0.3562962962962963,0.0,0.0,0,0,0.0,pool=fp32_values_acc_fp32_valid_token_denominator,score=fp32_values_acc_fp32_tf32_disabled,select=exact_stable_sort_index_order_ties_at_float32
VB_FP32,negative,0.9,intervention_b,selector arithmetic raised to fp32,bf16,fp32,fp32,exact_index_order,21600,0.9890710382513661,0.007941034013593695,0.9945054945054945,0.9999999994261715,0.34615384615384615,0.32532051282051283,0.0011094674556213018,0.0,0.0010729577330321097,0.0012840092540768885,0.2784676104784012,0.9671083688735962,0.2776983678340912,0.00034431368112564087,0.0007261261343955994,0.001366434639547809,0.0013964924772838648,0.0045801259315695906,0.9048148148148148,-0.0010276362299919128,2.984593079869301,0.3042592592592593,0.0,0.0,0,0,0.0,pool=fp32_values_acc_fp32_valid_token_denominator,score=fp32_values_acc_fp32_tf32_disabled,select=exact_stable_sort_index_order_ties_at_float32
VB_FP32,negative,0.95,intervention_b,selector arithmetic raised to fp32,bf16,fp32,fp32,exact_index_order,21600,0.9839046199701937,0.011415412499753197,0.9918870192307693,0.9999999994261715,0.2596153846153846,0.25,0.0008321005917159764,0.0,0.001198561497225295,0.002087272753560246,0.3505331873893738,0.9511053264141083,0.35013139247894287,0.0005124956369400024,0.0009884759783744812,0.0015611558894026985,0.0016226246161964806,0.004956330605651332,0.8975925925925926,-0.0018509477376937866,3.6116360887389876,0.28069444444444447,0.0,0.0,0,0,0.0,pool=fp32_values_acc_fp32_valid_token_denominator,score=fp32_values_acc_fp32_tf32_disabled,select=exact_stable_sort_index_order_ties_at_float32
VB_FP32,positive,0.8,intervention_b,selector arithmetic raised to fp32,bf16,fp32,fp32,exact_index_order,21600,0.9935847465208112,0.005504424817995512,0.9967820512820513,0.9999999994261715,0.4022435897435897,0.3701923076923077,0.001289242274819198,0.0,0.0008504082829617443,0.0008442532453607535,0.19569868594408035,0.9827443659305573,0.19547734409570694,0.00015249103307724,0.0002805488184094429,0.0008495960075360376,0.000890641846461248,0.0027333499007295655,0.8798611111111111,-0.00034962594509124756,2.2927639614989985,0.35194444444444445,0.0,0.0,0,0,0.0,pool=fp32_values_acc_fp32_valid_token_denominator,score=fp32_values_acc_fp32_tf32_disabled,select=exact_stable_sort_index_order_ties_at_float32
VB_FP32,positive,0.9,intervention_b,selector arithmetic raised to fp32,bf16,fp32,fp32,exact_index_order,21600,0.9891213600829812,0.007690705757996685,0.994530932030932,0.9999999994261715,0.34455128205128205,0.32371794871794873,0.0011043310322156475,0.0,0.0010683717912891946,0.0012945462276439243,0.27954261004924774,0.9669539034366608,0.2789868116378784,0.0003209635615348816,0.0006098747253417969,0.0012509346669525906,0.0012929337881132626,0.0042426925526101835,0.8964351851851852,-0.001064114272594452,3.315374080178277,0.3016666666666667,0.0,0.0,0,0,0.0,pool=fp32_values_acc_fp32_valid_token_denominator,score=fp32_values_acc_fp32_tf32_disabled,select=exact_stable_sort_index_order_ties_at_float32
VB_FP32,positive,0.95,intervention_b,selector arithmetic raised to fp32,bf16,fp32,fp32,exact_index_order,21600,0.9841017488076311,0.011023960224235019,0.9919871794871795,0.9999999994261715,0.2564102564102564,0.2483974358974359,0.000821827744904668,0.0,0.0012034996901440407,0.0021043708223563292,0.35005418956279755,0.9512543082237244,0.34931039810180664,0.0004868730902671814,0.000906679779291153,0.0014629168531438193,0.001521820313286062,0.004871314549539473,0.8938425925925926,-0.0018787235021591187,3.8587540361455,0.2746296296296296,0.0,0.0,0,0,0.0,pool=fp32_values_acc_fp32_valid_token_denominator,score=fp32_values_acc_fp32_tf32_disabled,select=exact_stable_sort_index_order_ties_at_float32
VC_GATE_NVFP4,negative,0.8,non_routing_control,gate_compress quantized to NVFP4; must NOT change the mask (falsifies the gate map if it does),bf16,kernel,kernel,kernel,21600,1.0,0.0,1.0,0.9999895175390139,0.0,0.0,0.0,1.0,,0.0008366163812478612,0.19181013852357864,0.9833711981773376,0.19181013852357864,0.0,0.0,0.0,0.0,0.0,0.0,0.0,,0.0,0.0,322.0,0,156,0.00013354700854700856,pool=kernel_fused_block_mean_bf16_read_fp32_acc_bf16_write,score=kernel_bf16_torch_matmul_acc_fp32_bf16_out,select=kernel_fused_topk_mask_fp32_bisect_index_order_ties
VC_GATE_NVFP4,negative,0.9,non_routing_control,gate_compress quantized to NVFP4; must NOT change the mask (falsifies the gate map if it does),bf16,kernel,kernel,kernel,21600,1.0,0.0,1.0,0.9999895175390139,0.0,0.0,0.0,1.0,,0.0012840092540768885,0.2776983678340912,0.9672228991985321,0.2776983678340912,0.0,0.0,0.0,0.0,0.0,0.0,0.0,,0.0,0.0,297.0,0,24,0.00013354700854700856,pool=kernel_fused_block_mean_bf16_read_fp32_acc_bf16_write,score=kernel_bf16_torch_matmul_acc_fp32_bf16_out,select=kernel_fused_topk_mask_fp32_bisect_index_order_ties
VC_GATE_NVFP4,negative,0.95,non_routing_control,gate_compress quantized to NVFP4; must NOT change the mask (falsifies the gate map if it does),bf16,kernel,kernel,kernel,21600,1.0,0.0,1.0,0.9999895175390139,0.0,0.0,0.0,1.0,,0.002087272753560246,0.35013139247894287,0.9513758718967438,0.35013139247894287,0.0,0.0,0.0,0.0,0.0,0.0,0.0,,0.0,0.0,244.0,0,12,0.00013354700854700856,pool=kernel_fused_block_mean_bf16_read_fp32_acc_bf16_write,score=kernel_bf16_torch_matmul_acc_fp32_bf16_out,select=kernel_fused_topk_mask_fp32_bisect_index_order_ties
VC_GATE_NVFP4,positive,0.8,non_routing_control,gate_compress quantized to NVFP4; must NOT change the mask (falsifies the gate map if it does),bf16,kernel,kernel,kernel,21600,1.0,0.0,1.0,0.999989562121772,0.0,0.0,0.0,1.0,,0.0008442532453607535,0.19547734409570694,0.9827820360660553,0.19547734409570694,0.0,0.0,0.0,0.0,0.0,0.0,0.0,,0.0,0.0,321.0,0,180,0.00013354700854700856,pool=kernel_fused_block_mean_bf16_read_fp32_acc_bf16_write,score=kernel_bf16_torch_matmul_acc_fp32_bf16_out,select=kernel_fused_topk_mask_fp32_bisect_index_order_ties
VC_GATE_NVFP4,positive,0.9,non_routing_control,gate_compress quantized to NVFP4; must NOT change the mask (falsifies the gate map if it does),bf16,kernel,kernel,kernel,21600,1.0,0.0,1.0,0.999989562121772,0.0,0.0,0.0,1.0,,0.0012945462276439243,0.2789868116378784,0.9670859575271606,0.2789868116378784,0.0,0.0,0.0,0.0,0.0,0.0,0.0,,0.0,0.0,296.0,0,60,0.00013354700854700856,pool=kernel_fused_block_mean_bf16_read_fp32_acc_bf16_write,score=kernel_bf16_torch_matmul_acc_fp32_bf16_out,select=kernel_fused_topk_mask_fp32_bisect_index_order_ties
VC_GATE_NVFP4,positive,0.95,non_routing_control,gate_compress quantized to NVFP4; must NOT change the mask (falsifies the gate map if it does),bf16,kernel,kernel,kernel,21600,1.0,0.0,1.0,0.999989562121772,0.0,0.0,0.0,1.0,,0.0021043708223563292,0.34931039810180664,0.9514718353748322,0.34931039810180664,0.0,0.0,0.0,0.0,0.0,0.0,0.0,,0.0,0.0,243.0,0,24,0.00013354700854700856,pool=kernel_fused_block_mean_bf16_read_fp32_acc_bf16_write,score=kernel_bf16_torch_matmul_acc_fp32_bf16_out,select=kernel_fused_topk_mask_fp32_bisect_index_order_ties
VD_TORCH_TOPK,negative,0.8,tiebreak_control,torch.topk tie-break instead of VSA's index-order threshold rule,bf16,kernel,kernel,torch_topk,21600,1.0,0.0,1.0,0.9999895175390139,0.0,0.0,0.0,0.9993981481481482,,0.0008366163812478612,0.19181013852357864,0.9833711981773376,0.19181013852357864,0.0,0.0,0.0,0.0,0.0,0.0004166666666666667,0.0,,0.0001388888888888889,0.0,322.0,0,0,0.0,pool=kernel_fused_block_mean_bf16_read_fp32_acc_bf16_write,score=kernel_bf16_torch_matmul_acc_fp32_bf16_out,select=torch_topk_native_tiebreak
VD_TORCH_TOPK,negative,0.9,tiebreak_control,torch.topk tie-break instead of VSA's index-order threshold rule,bf16,kernel,kernel,torch_topk,21600,1.0,0.0,1.0,0.9999895175390139,0.0,0.0,0.0,0.9999074074074074,,0.0012840092540768885,0.2776983678340912,0.9672228991985321,0.2776983678340912,0.0,0.0,0.0,0.0,0.0,9.259259259259259e-05,0.0,,9.259259259259259e-05,0.0,297.0,0,0,0.0,pool=kernel_fused_block_mean_bf16_read_fp32_acc_bf16_write,score=kernel_bf16_torch_matmul_acc_fp32_bf16_out,select=torch_topk_native_tiebreak
VD_TORCH_TOPK,negative,0.95,tiebreak_control,torch.topk tie-break instead of VSA's index-order threshold rule,bf16,kernel,kernel,torch_topk,21600,1.0,0.0,1.0,0.9999895175390139,0.0,0.0,0.0,0.9999537037037037,,0.002087272753560246,0.35013139247894287,0.9513758718967438,0.35013139247894287,0.0,0.0,0.0,0.0,0.0,4.6296296296296294e-05,0.0,,0.0,0.0,244.0,0,0,0.0,pool=kernel_fused_block_mean_bf16_read_fp32_acc_bf16_write,score=kernel_bf16_torch_matmul_acc_fp32_bf16_out,select=torch_topk_native_tiebreak
VD_TORCH_TOPK,positive,0.8,tiebreak_control,torch.topk tie-break instead of VSA's index-order threshold rule,bf16,kernel,kernel,torch_topk,21600,1.0,0.0,1.0,0.999989562121772,0.0,0.0,0.0,0.9993055555555556,,0.0008442532453607535,0.19547734409570694,0.9827820360660553,0.19547734409570694,0.0,0.0,0.0,0.0,0.0,0.000462962962962963,0.0,,0.0002777777777777778,0.0,321.0,0,0,0.0,pool=kernel_fused_block_mean_bf16_read_fp32_acc_bf16_write,score=kernel_bf16_torch_matmul_acc_fp32_bf16_out,select=torch_topk_native_tiebreak
VD_TORCH_TOPK,positive,0.9,tiebreak_control,torch.topk tie-break instead of VSA's index-order threshold rule,bf16,kernel,kernel,torch_topk,21600,1.0,0.0,1.0,0.999989562121772,0.0,0.0,0.0,0.9997685185185186,,0.0012945462276439243,0.2789868116378784,0.9670859575271606,0.2789868116378784,0.0,0.0,0.0,0.0,0.0,0.00018518518518518518,0.0,,0.00018518518518518518,0.0,296.0,0,0,0.0,pool=kernel_fused_block_mean_bf16_read_fp32_acc_bf16_write,score=kernel_bf16_torch_matmul_acc_fp32_bf16_out,select=torch_topk_native_tiebreak
VD_TORCH_TOPK,positive,0.95,tiebreak_control,torch.topk tie-break instead of VSA's index-order threshold rule,bf16,kernel,kernel,torch_topk,21600,1.0,0.0,1.0,0.999989562121772,0.0,0.0,0.0,0.9999074074074074,,0.0021043708223563292,0.34931039810180664,0.9514718353748322,0.34931039810180664,0.0,0.0,0.0,0.0,0.0,4.6296296296296294e-05,0.0,,4.6296296296296294e-05,0.0,243.0,0,0,0.0,pool=kernel_fused_block_mean_bf16_read_fp32_acc_bf16_write,score=kernel_bf16_torch_matmul_acc_fp32_bf16_out,select=torch_topk_native_tiebreak
