layer,timestep,n,insufficient_n,native_or_simulated,n_jaccard,jaccard_median,jaccard_q1,jaccard_q3,jaccard_iqr,jaccard_mean,jaccard_p10,jaccard_p90,jaccard_min,jaccard_max,n_recall,recall_median,recall_q1,recall_q3,recall_iqr,recall_mean,recall_p10,recall_p90,recall_min,recall_max,decision_margin_reference_median,n_decision_margin_reference,decision_margin_candidate_median,n_decision_margin_candidate,frac_query_blocks_changed_median,n_frac_query_blocks_changed,boundary_ties_median,n_boundary_ties,spearman_rho_median,n_spearman_rho,sat_frac_q_median,n_sat_frac_q
0,0,240,False,native,240,0.936576,0.925092,0.952123,0.02703,0.934372,0.891715,0.956496,0.890909,0.967484,240,0.967248,0.961088,0.975473,0.014386,0.96592,0.942758,0.977764,0.942308,0.983474,0.000862,240,0.001249,240,0.646484,240,114.5,240,0.99926,240,0.096604,240
0,5,240,False,native,240,0.943216,0.92356,0.953054,0.029493,0.937252,0.895702,0.965916,0.881289,0.978303,240,0.970778,0.960261,0.975962,0.0157,0.96743,0.944982,0.982662,0.936899,0.989032,0.001659,240,0.001617,240,0.625,240,104.5,240,,0,0.09547,240
0,10,240,False,native,240,0.939535,0.923978,0.952479,0.028501,0.93518,0.895648,0.959347,0.871503,0.97654,240,0.968825,0.960487,0.975661,0.015174,0.966329,0.944952,0.979252,0.93134,0.988131,0.001663,240,0.002869,240,0.625,240,112.5,240,0.999277,240,0.094776,240
0,15,240,False,native,240,0.936009,0.926762,0.95112,0.024357,0.933494,0.896027,0.963827,0.863382,0.974195,240,0.966947,0.961989,0.974947,0.012958,0.965402,0.945162,0.981581,0.926683,0.986929,0.002525,240,0.002762,240,0.660156,240,110.5,240,,0,0.094692,240
0,20,240,False,native,240,0.934743,0.926483,0.943074,0.016591,0.929644,0.895163,0.954514,0.847606,0.971272,240,0.966271,0.961839,0.970703,0.008864,0.963355,0.944681,0.976728,0.917518,0.985427,0.002556,240,0.002502,240,0.671875,240,104.5,240,0.999266,240,0.094846,240
0,25,240,False,native,240,0.9339,0.919746,0.943925,0.024179,0.928072,0.894677,0.952966,0.84966,0.965451,240,0.96582,0.958196,0.971154,0.012958,0.962516,0.944411,0.975916,0.91872,0.982422,0.002617,240,0.00264,240,0.701172,240,104.5,240,,0,0.095164,240
0,30,240,False,native,240,0.929695,0.9134,0.943429,0.030029,0.925897,0.901715,0.958857,0.827066,0.969522,240,0.963567,0.95474,0.970891,0.016151,0.961287,0.948317,0.978996,0.905349,0.984525,0.002579,240,0.002625,240,0.71875,240,103.0,240,0.999202,240,0.095386,240
0,35,240,False,native,240,0.929555,0.906549,0.943429,0.03688,0.921791,0.894569,0.951706,0.802085,0.964871,240,0.963492,0.950984,0.970891,0.019907,0.959004,0.944351,0.975255,0.890174,0.982121,0.002541,240,0.002548,240,0.71875,240,102.0,240,,0,0.095587,240
0,40,240,False,native,240,0.925787,0.907915,0.942578,0.034663,0.920382,0.893845,0.950905,0.77849,0.970688,240,0.961463,0.951735,0.97044,0.018705,0.958204,0.943945,0.974835,0.875451,0.985126,0.002464,240,0.002502,240,0.738281,240,101.5,240,0.999058,240,0.095786,240
0,45,240,False,native,240,0.929555,0.912232,0.943996,0.031765,0.922321,0.886996,0.952107,0.745378,0.974488,240,0.963492,0.954102,0.971191,0.01709,0.959187,0.940114,0.975466,0.854117,0.987079,0.002419,240,0.002602,240,0.732422,240,94.0,240,,0,0.095428,240
1,0,240,False,native,240,0.950476,0.939889,0.963422,0.023533,0.950553,0.931767,0.973639,0.884485,0.977128,240,0.974609,0.969013,0.98137,0.012357,0.974565,0.964678,0.986644,0.938702,0.988431,0.00264,240,0.00248,240,0.550781,240,90.0,240,0.999657,240,0.101194,240
1,5,240,False,native,240,0.953052,0.94272,0.967557,0.024838,0.953917,0.934265,0.97569,0.9099,0.982723,240,0.975962,0.970515,0.983511,0.012996,0.976347,0.966016,0.987695,0.952825,0.991286,0.002663,240,0.002701,240,0.546875,240,82.0,240,,0,0.1014,240
1,10,240,False,native,240,0.956209,0.94279,0.966104,0.023314,0.954552,0.934884,0.972762,0.917327,0.981837,240,0.977614,0.970553,0.98276,0.012207,0.976691,0.966346,0.986193,0.956881,0.990835,0.002838,240,0.002823,240,0.515625,240,83.0,240,0.99963,240,0.10194,240
1,15,240,False,native,240,0.955634,0.945488,0.965306,0.019818,0.954584,0.932917,0.97247,0.915671,0.979774,240,0.977314,0.97198,0.982347,0.010367,0.976711,0.965294,0.986043,0.95598,0.989784,0.002808,240,0.002769,240,0.511719,240,87.5,240,,0,0.10202,240
1,20,240,False,native,240,0.956209,0.94357,0.964581,0.02101,0.953618,0.933422,0.970718,0.910174,0.982132,240,0.977614,0.970966,0.981971,0.011005,0.976201,0.965565,0.985141,0.952975,0.990986,0.002777,240,0.002716,240,0.517578,240,88.0,240,0.999626,240,0.101743,240
1,25,240,False,native,240,0.954485,0.944777,0.962409,0.017632,0.952416,0.932272,0.968677,0.908804,0.982132,240,0.976713,0.971605,0.980844,0.00924,0.975568,0.964949,0.98409,0.952224,0.990986,0.002579,240,0.002579,240,0.533203,240,85.0,240,,0,0.101295,240
1,30,240,False,native,240,0.952622,0.943712,0.962553,0.018841,0.951159,0.928605,0.970688,0.894138,0.982427,240,0.975736,0.971041,0.980919,0.009878,0.97489,0.962981,0.985126,0.944111,0.991136,0.002625,240,0.002594,240,0.542969,240,86.0,240,0.99955,240,0.100625,240
1,35,240,False,native,240,0.951906,0.940808,0.962264,0.021456,0.949331,0.931179,0.972762,0.874402,0.981247,240,0.975361,0.969501,0.980769,0.011268,0.973895,0.964363,0.986193,0.932993,0.990535,0.002686,240,0.00264,240,0.560547,240,85.5,240,,0,0.099702,240
1,40,240,False,native,240,0.949191,0.939394,0.961758,0.022364,0.947741,0.926372,0.97247,0.859737,0.982723,240,0.973933,0.96875,0.980506,0.011756,0.973031,0.961779,0.986043,0.924579,0.991286,0.002686,240,0.002686,240,0.558594,240,81.0,240,0.999478,240,0.098599,240
1,45,240,False,native,240,0.948478,0.937136,0.962626,0.02549,0.946567,0.922199,0.970426,0.870714,0.979774,240,0.973558,0.967548,0.980957,0.013409,0.972416,0.959525,0.984991,0.930889,0.989784,0.002708,240,0.002716,240,0.5625,240,78.0,240,,0,0.097855,240
2,0,240,False,native,240,0.95162,0.938758,0.964291,0.025533,0.950573,0.923144,0.978068,0.896026,0.995204,240,0.97521,0.968412,0.981821,0.013409,0.974528,0.960036,0.988912,0.945162,0.997596,0.002609,240,0.002594,240,0.550781,240,82.0,240,0.999683,240,0.102803,240
2,5,240,False,native,240,0.952622,0.941374,0.966467,0.025093,0.95102,0.927571,0.975397,0.872293,0.990133,240,0.975736,0.969802,0.982948,0.013146,0.974777,0.962425,0.987545,0.931791,0.995042,0.002464,240,0.002487,240,0.539062,240,85.5,240,,0,0.102377,240
2,10,240,False,native,240,0.955634,0.945559,0.968066,0.022507,0.954536,0.93258,0.978009,0.890641,0.990728,240,0.977314,0.972018,0.983774,0.011756,0.976647,0.965114,0.988882,0.942157,0.995343,0.002533,240,0.002518,240,0.521484,240,81.0,240,0.999709,240,0.101598,240
2,15,240,False,native,240,0.955347,0.947195,0.968794,0.021599,0.955809,0.935728,0.977421,0.901171,0.987162,240,0.977163,0.972882,0.98415,0.011268,0.977332,0.966797,0.988582,0.948017,0.99354,0.002655,240,0.002625,240,0.521484,240,78.5,240,,0,0.100959,240
2,20,240,False,native,240,0.954916,0.947338,0.965451,0.018113,0.955684,0.938236,0.977715,0.907163,0.987162,240,0.976938,0.972957,0.982422,0.009465,0.977279,0.968134,0.988732,0.951322,0.99354,0.002579,240,0.002533,240,0.521484,240,77.0,240,0.999712,240,0.100483,240
2,25,240,False,native,240,0.951906,0.946483,0.961758,0.015275,0.954834,0.939083,0.977186,0.920646,0.985088,240,0.975361,0.972506,0.980506,0.008,0.976844,0.968585,0.988462,0.958684,0.992488,0.002487,240,0.002518,240,0.542969,240,77.0,240,,0,0.100061,240
2,30,240,False,native,240,0.951048,0.943003,0.961758,0.018755,0.954082,0.939111,0.978038,0.92732,0.983609,240,0.97491,0.970666,0.980506,0.009841,0.976448,0.9686,0.988897,0.96229,0.991737,0.002434,240,0.002373,240,0.554688,240,79.0,240,0.999701,240,0.09964,240
2,35,240,False,native,240,0.950333,0.942365,0.963205,0.020839,0.953096,0.936488,0.977421,0.92509,0.985384,240,0.974534,0.970328,0.981258,0.01093,0.975927,0.967203,0.988582,0.961088,0.992638,0.002457,240,0.002373,240,0.556641,240,80.0,240,,0,0.099317,240
2,40,240,False,native,240,0.949619,0.94194,0.962336,0.020396,0.95127,0.933198,0.974488,0.904707,0.987459,240,0.974159,0.970102,0.980807,0.010705,0.974963,0.965445,0.987079,0.94997,0.99369,0.002457,240,0.002518,240,0.570312,240,77.0,240,0.999669,240,0.098649,240
2,45,240,False,native,240,0.947765,0.94102,0.961541,0.020521,0.949993,0.930115,0.975074,0.90389,0.981542,240,0.973182,0.969614,0.980394,0.01078,0.974283,0.963792,0.98738,0.949519,0.990685,0.002426,240,0.002434,240,0.574219,240,77.0,240,,0,0.0978,240
3,0,240,False,native,240,0.953768,0.946128,0.966612,0.020485,0.953358,0.941091,0.969959,0.909078,0.978303,240,0.976337,0.972318,0.983023,0.010705,0.976054,0.969651,0.984751,0.952374,0.989032,0.002327,240,0.002266,240,0.535156,240,79.0,240,0.999692,240,0.106399,240
3,5,240,False,native,240,0.96183,0.955347,0.970761,0.015415,0.958419,0.941176,0.975954,0.858958,0.983905,240,0.980544,0.977163,0.985164,0.008,0.978653,0.969697,0.987831,0.924129,0.991887,0.002365,240,0.002319,240,0.451172,240,81.5,240,,0,0.107021,240
3,10,240,False,native,240,0.962409,0.955849,0.970688,0.014839,0.958683,0.941345,0.975983,0.858699,0.982427,240,0.980844,0.977426,0.985126,0.0077,0.9788,0.969787,0.987846,0.923978,0.991136,0.002419,240,0.002396,240,0.449219,240,82.0,240,0.999817,240,0.107097,240
3,15,240,False,native,240,0.962553,0.955347,0.970397,0.01505,0.959155,0.939762,0.976247,0.865209,0.981247,240,0.980919,0.977163,0.984976,0.007812,0.979056,0.968945,0.987981,0.927734,0.990535,0.002419,240,0.002403,240,0.441406,240,84.0,240,,0,0.107068,240
3,20,240,False,native,240,0.962988,0.955634,0.969522,0.013888,0.959505,0.937926,0.975954,0.877309,0.982427,240,0.981145,0.977314,0.984525,0.007212,0.979256,0.967969,0.987831,0.934645,0.991136,0.002342,240,0.002464,240,0.449219,240,84.5,240,0.999823,240,0.106967,240
3,25,240,False,native,240,0.962264,0.955059,0.969959,0.0149,0.959839,0.939846,0.975367,0.884218,0.983313,240,0.980769,0.977013,0.984751,0.007737,0.979441,0.96899,0.98753,0.938552,0.991587,0.002411,240,0.00248,240,0.453125,240,87.5,240,,0,0.10685,240
3,30,240,False,native,240,0.962843,0.955347,0.969886,0.01454,0.960297,0.944039,0.97484,0.900628,0.980952,240,0.98107,0.977163,0.984713,0.00755,0.979693,0.971214,0.98726,0.947716,0.990385,0.002411,240,0.00238,240,0.441406,240,87.5,240,0.999821,240,0.106711,240
3,35,240,False,native,240,0.961108,0.954485,0.970105,0.01562,0.960293,0.942734,0.975074,0.915396,0.981247,240,0.980168,0.976713,0.984826,0.008113,0.979699,0.970523,0.98738,0.955829,0.990535,0.002319,240,0.002426,240,0.449219,240,93.0,240,,0,0.106478,240
3,40,240,False,native,240,0.961686,0.953912,0.970178,0.016266,0.960712,0.945175,0.97481,0.927599,0.982132,240,0.980469,0.976412,0.984863,0.008451,0.979925,0.971815,0.987245,0.96244,0.990986,0.002388,240,0.002411,240,0.453125,240,92.5,240,0.999814,240,0.106173,240
3,45,240,False,native,240,0.95952,0.952192,0.970178,0.017986,0.960266,0.943897,0.975074,0.927878,0.981837,240,0.979342,0.975511,0.984863,0.009352,0.979693,0.971139,0.98738,0.96259,0.990835,0.002495,240,0.002457,240,0.462891,240,89.0,240,,0,0.105566,240
4,0,240,False,native,240,0.959376,0.951048,0.964871,0.013823,0.953998,0.918432,0.96894,0.899001,0.972733,240,0.979267,0.97491,0.982121,0.007212,0.976389,0.957482,0.984225,0.946815,0.986178,0.002731,240,0.002655,240,0.492188,240,106.0,240,0.999677,240,0.107078,240
4,5,240,False,native,240,0.966612,0.960097,0.972148,0.012051,0.965611,0.953052,0.975103,0.936854,0.980952,240,0.983023,0.979642,0.985877,0.006235,0.982486,0.975962,0.987395,0.967398,0.990385,0.00264,240,0.002708,240,0.402344,240,79.0,240,,0,0.105815,240
4,10,240,False,native,240,0.967339,0.961397,0.97361,0.012213,0.966311,0.955031,0.975983,0.937418,0.982723,240,0.983398,0.980319,0.986629,0.00631,0.982847,0.976998,0.987846,0.967698,0.991286,0.00267,240,0.002701,240,0.398438,240,82.0,240,0.999838,240,0.105533,240
4,15,240,False,native,240,0.968357,0.961036,0.973976,0.01294,0.96721,0.955605,0.977421,0.941657,0.985088,240,0.983924,0.980131,0.986816,0.006686,0.983312,0.977299,0.988582,0.969952,0.992488,0.002663,240,0.002716,240,0.392578,240,82.0,240,,0,0.105228,240
4,20,240,False,native,240,0.968648,0.96277,0.973683,0.010913,0.967304,0.954772,0.977128,0.941374,0.981837,240,0.984075,0.981032,0.986666,0.005634,0.983361,0.976863,0.988431,0.969802,0.990835,0.002731,240,0.002747,240,0.386719,240,81.0,240,0.999841,240,0.105001,240
4,25,240,False,native,240,0.96894,0.962264,0.974488,0.012224,0.967327,0.955031,0.976834,0.942507,0.981837,240,0.984225,0.980769,0.987079,0.00631,0.983372,0.976998,0.988281,0.970403,0.990835,0.002739,240,0.002769,240,0.382812,240,83.0,240,,0,0.104794,240
4,30,240,False,native,240,0.969085,0.96277,0.973976,0.011205,0.967538,0.955893,0.97657,0.938547,0.981247,240,0.9843,0.981032,0.986816,0.005784,0.983483,0.977449,0.988146,0.968299,0.990535,0.002792,240,0.002808,240,0.378906,240,80.5,240,0.999833,240,0.104692,240
4,35,240,False,native,240,0.968648,0.963422,0.973098,0.009676,0.966998,0.95331,0.975397,0.943358,0.980952,240,0.984075,0.98137,0.986366,0.004995,0.983204,0.976097,0.987545,0.970853,0.990385,0.002869,240,0.002846,240,0.386719,240,79.5,240,,0,0.104393,240
4,40,240,False,native,240,0.96894,0.963422,0.97244,0.009019,0.966582,0.952737,0.975074,0.939959,0.980952,240,0.984225,0.98137,0.986028,0.004657,0.982988,0.975796,0.98738,0.96905,0.990385,0.002808,240,0.002876,240,0.382812,240,80.0,240,0.999827,240,0.104086,240
4,45,240,False,native,240,0.968066,0.962264,0.972148,0.009884,0.966047,0.951305,0.975103,0.938547,0.978891,240,0.983774,0.980769,0.985877,0.005108,0.98271,0.975045,0.987395,0.968299,0.989333,0.002922,240,0.002846,240,0.394531,240,82.5,240,,0,0.103544,240
5,0,240,False,native,240,0.962264,0.957647,0.969595,0.011948,0.964068,0.955059,0.973054,0.945346,0.985088,240,0.980769,0.978365,0.984563,0.006197,0.981687,0.977013,0.986343,0.971905,0.992488,0.002975,240,0.00325,240,0.4375,240,78.0,240,0.999685,240,0.105451,240
5,5,240,False,native,240,0.968357,0.96277,0.974049,0.011279,0.969713,0.959664,0.984851,0.950476,0.992814,240,0.983924,0.981032,0.986854,0.005822,0.984602,0.979417,0.992368,0.974609,0.996394,0.003311,240,0.003273,240,0.386719,240,65.0,240,,0,0.105241,240
5,10,240,False,native,240,0.967775,0.961686,0.973976,0.01229,0.968717,0.957071,0.982457,0.948478,0.991026,240,0.983624,0.980469,0.986816,0.006348,0.984088,0.978065,0.991151,0.973558,0.995493,0.003258,240,0.00325,240,0.394531,240,66.0,240,0.999708,240,0.104538,240
5,15,240,False,native,240,0.967484,0.962481,0.973903,0.011422,0.968163,0.956755,0.981867,0.938829,0.992218,240,0.983474,0.980882,0.986779,0.005897,0.983801,0.9779,0.99085,0.96845,0.996094,0.003326,240,0.003311,240,0.398438,240,63.5,240,,0,0.103971,240
5,20,240,False,native,240,0.966903,0.960747,0.973391,0.012644,0.966979,0.953338,0.981247,0.928996,0.994307,240,0.983173,0.97998,0.986516,0.006535,0.983181,0.976112,0.990535,0.963191,0.997145,0.003197,240,0.003204,240,0.402344,240,66.0,240,0.999692,240,0.103108,240
5,25,240,False,native,240,0.965886,0.959015,0.973318,0.014302,0.966179,0.953224,0.9811,0.92732,0.992516,240,0.982647,0.979079,0.986478,0.007399,0.982763,0.976052,0.99046,0.96229,0.996244,0.003082,240,0.003059,240,0.414062,240,67.0,240,,0,0.102351,240
5,30,240,False,native,240,0.965016,0.957071,0.972733,0.015661,0.965271,0.951878,0.980864,0.924534,0.994905,240,0.982197,0.978065,0.986178,0.008113,0.982289,0.975346,0.99034,0.960787,0.997446,0.002968,240,0.002975,240,0.421875,240,65.0,240,0.999674,240,0.101759,240
5,35,240,False,native,240,0.964436,0.957071,0.971856,0.014785,0.964445,0.948734,0.979538,0.92509,0.993113,240,0.981896,0.978065,0.985727,0.007662,0.981858,0.973693,0.989663,0.961088,0.996544,0.00296,240,0.002876,240,0.425781,240,66.0,240,,0,0.10128,240
5,40,240,False,native,240,0.964001,0.955059,0.971345,0.016286,0.963027,0.947623,0.979215,0.907437,0.99192,240,0.981671,0.977013,0.985464,0.008451,0.981116,0.973107,0.989498,0.951472,0.995944,0.002808,240,0.002899,240,0.433594,240,69.5,240,0.999635,240,0.100876,240
5,45,240,False,native,240,0.961252,0.951835,0.969595,0.01776,0.960834,0.943301,0.980098,0.921201,0.992814,240,0.980243,0.975323,0.984563,0.00924,0.979971,0.970823,0.989949,0.958984,0.996394,0.002708,240,0.002754,240,0.46875,240,70.5,240,,0,0.100367,240
6,0,240,False,native,240,0.953912,0.946199,0.964146,0.017947,0.952677,0.931767,0.971447,0.911545,0.987459,240,0.976412,0.972356,0.981746,0.00939,0.975698,0.964678,0.985517,0.953726,0.99369,0.002441,240,0.002022,240,0.53125,240,118.0,240,0.999733,240,0.109834,240
6,5,240,False,native,240,0.957359,0.948193,0.971272,0.023079,0.958279,0.937418,0.976012,0.917051,0.992516,240,0.978215,0.973407,0.985427,0.012019,0.97863,0.967698,0.987861,0.956731,0.996244,0.002159,240,0.002258,240,0.498047,240,111.0,240,,0,0.109578,240
6,10,240,False,native,240,0.959953,0.950119,0.973025,0.022906,0.959848,0.940525,0.977774,0.916223,0.993113,240,0.979567,0.974422,0.986328,0.011907,0.979454,0.969351,0.988762,0.95628,0.996544,0.002403,240,0.002258,240,0.474609,240,107.0,240,0.999874,240,0.10967,240
6,15,240,False,native,240,0.96053,0.950476,0.973318,0.022841,0.960823,0.942195,0.978009,0.917327,0.99192,240,0.979868,0.974609,0.986478,0.011869,0.979966,0.970237,0.988882,0.956881,0.995944,0.002243,240,0.002342,240,0.46875,240,105.0,240,,0,0.109747,240
6,20,240,False,native,240,0.962843,0.951262,0.973683,0.022421,0.962211,0.943641,0.979215,0.923144,0.988053,240,0.98107,0.975023,0.986666,0.011644,0.980694,0.971004,0.989498,0.960036,0.99399,0.002396,240,0.002327,240,0.449219,240,101.0,240,0.999878,240,0.109714,240
6,25,240,False,native,240,0.963856,0.952192,0.975367,0.023175,0.963082,0.94563,0.979774,0.927041,0.987756,240,0.981596,0.975511,0.98753,0.012019,0.981148,0.972055,0.989784,0.962139,0.99384,0.002289,240,0.002266,240,0.441406,240,103.0,240,,0,0.109741,240
6,30,240,False,native,240,0.965451,0.954485,0.975367,0.020882,0.964253,0.946483,0.979185,0.927878,0.989538,240,0.982422,0.976713,0.98753,0.010817,0.98176,0.972506,0.989483,0.96259,0.994742,0.002396,240,0.002449,240,0.414062,240,96.0,240,0.999878,240,0.109749,240
6,35,240,False,native,240,0.966758,0.95549,0.975147,0.019657,0.965182,0.948449,0.979185,0.931235,0.992516,240,0.983098,0.977239,0.987417,0.010179,0.982244,0.973543,0.989483,0.964393,0.996244,0.002472,240,0.002518,240,0.404297,240,94.5,240,,0,0.109727,240
6,40,240,False,native,240,0.967339,0.957431,0.976247,0.018816,0.96601,0.949334,0.979509,0.934603,0.995204,240,0.983398,0.978253,0.987981,0.009728,0.98267,0.974008,0.989648,0.966196,0.997596,0.00251,240,0.002579,240,0.400391,240,94.0,240,0.999871,240,0.109716,240
6,45,240,False,native,240,0.968357,0.958223,0.97654,0.018317,0.966569,0.94902,0.980068,0.931515,0.993411,240,0.983924,0.978666,0.988131,0.009465,0.982958,0.973843,0.989934,0.964543,0.996695,0.002655,240,0.002609,240,0.388672,240,92.0,240,,0,0.109486,240
7,0,240,False,native,240,0.956784,0.943145,0.967921,0.024776,0.954454,0.928605,0.973318,0.920092,0.981837,240,0.977915,0.970741,0.983699,0.012958,0.976628,0.962981,0.986478,0.958383,0.990835,0.002525,240,0.002365,240,0.511719,240,105.0,240,0.999797,240,0.107716,240
7,5,240,False,native,240,0.965161,0.952336,0.973025,0.020689,0.962057,0.942479,0.977744,0.920092,0.983905,240,0.982272,0.975586,0.986328,0.010742,0.980611,0.970388,0.988747,0.958383,0.991887,0.002686,240,0.002724,240,0.421875,240,95.5,240,,0,0.107678,240
7,10,240,False,native,240,0.965741,0.952479,0.974854,0.022376,0.963086,0.945317,0.978597,0.916499,0.983609,240,0.982572,0.975661,0.987267,0.011606,0.981142,0.97189,0.989183,0.95643,0.991737,0.002785,240,0.002724,240,0.416016,240,94.5,240,0.999853,240,0.107494,240
7,15,240,False,native,240,0.966903,0.952479,0.975147,0.022669,0.96359,0.945289,0.979774,0.914569,0.985976,240,0.983173,0.975661,0.987417,0.011756,0.981403,0.971875,0.989784,0.955379,0.992939,0.002708,240,0.002693,240,0.404297,240,95.0,240,,0,0.107409,240
7,20,240,False,native,240,0.967775,0.952479,0.975367,0.022889,0.963658,0.945602,0.979185,0.913193,0.984496,240,0.983624,0.975661,0.98753,0.011869,0.981437,0.97204,0.989483,0.954627,0.992188,0.002693,240,0.002655,240,0.396484,240,94.0,240,0.999857,240,0.107414,240
7,25,240,False,native,240,0.96763,0.953625,0.97566,0.022036,0.963946,0.945829,0.978891,0.90853,0.98835,240,0.983549,0.976262,0.98768,0.011418,0.981586,0.97216,0.989333,0.952073,0.994141,0.002762,240,0.002747,240,0.390625,240,89.0,240,,0,0.107361,240
7,30,240,False,native,240,0.966612,0.954485,0.975954,0.021468,0.963807,0.944919,0.979215,0.912094,0.9842,240,0.983023,0.976713,0.987831,0.011118,0.981515,0.97168,0.989498,0.954026,0.992037,0.002815,240,0.002777,240,0.414062,240,88.5,240,0.999857,240,0.107383,240
7,35,240,False,native,240,0.966612,0.954772,0.975954,0.021181,0.964015,0.944436,0.979185,0.910448,0.987756,240,0.983023,0.976863,0.987831,0.010968,0.981625,0.971424,0.989483,0.953125,0.99384,0.002914,240,0.002861,240,0.402344,240,87.0,240,,0,0.107391,240
7,40,240,False,native,240,0.968066,0.955275,0.975954,0.020679,0.964657,0.946426,0.978626,0.915671,0.98568,240,0.983774,0.977126,0.987831,0.010705,0.981961,0.972476,0.989198,0.95598,0.992788,0.00293,240,0.002922,240,0.390625,240,88.5,240,0.999852,240,0.107436,240
7,45,240,False,native,240,0.968066,0.957575,0.974854,0.017279,0.965227,0.948421,0.978891,0.918156,0.985976,240,0.983774,0.978328,0.987267,0.008939,0.982262,0.973528,0.989333,0.957332,0.992939,0.003006,240,0.003006,240,0.388672,240,82.0,240,,0,0.107475,240
8,0,240,False,native,240,0.966322,0.956784,0.969814,0.01303,0.964304,0.953052,0.972733,0.939111,0.983609,240,0.982873,0.977915,0.984675,0.006761,0.98181,0.975962,0.986178,0.9686,0.991737,0.003082,240,0.003021,240,0.40625,240,90.5,240,0.999739,240,0.108848,240
8,5,240,False,native,240,0.965886,0.958439,0.971272,0.012833,0.964465,0.951906,0.973903,0.941091,0.982132,240,0.982647,0.978779,0.985427,0.006648,0.981893,0.975361,0.986779,0.969651,0.990986,0.002823,240,0.002815,240,0.410156,240,90.5,240,,0,0.107973,240
8,10,240,False,native,240,0.966177,0.959664,0.971345,0.011681,0.964479,0.950991,0.974518,0.931515,0.979185,240,0.982797,0.979417,0.985464,0.006047,0.981898,0.97488,0.987094,0.964543,0.989483,0.002777,240,0.002815,240,0.414062,240,91.0,240,0.999808,240,0.107389,240
8,15,240,False,native,240,0.965161,0.959015,0.970251,0.011235,0.963828,0.950162,0.974488,0.933479,0.979774,240,0.982272,0.979079,0.984901,0.005822,0.98156,0.974444,0.987079,0.965595,0.989784,0.002777,240,0.002777,240,0.421875,240,91.0,240,,0,0.106768,240
8,20,240,False,native,240,0.964871,0.958079,0.969522,0.011443,0.96343,0.951019,0.973347,0.929835,0.97948,240,0.982121,0.978591,0.984525,0.005934,0.981353,0.974895,0.986493,0.963642,0.989633,0.002686,240,0.002731,240,0.425781,240,91.0,240,0.999818,240,0.106086,240
8,25,240,False,native,240,0.964871,0.958799,0.970178,0.011379,0.963876,0.951019,0.974518,0.927041,0.982132,240,0.982121,0.978966,0.984863,0.005897,0.981584,0.974895,0.987094,0.962139,0.990986,0.002701,240,0.002747,240,0.425781,240,89.0,240,,0,0.105524,240
8,30,240,False,native,240,0.965451,0.959015,0.970688,0.011673,0.964273,0.95245,0.974781,0.930954,0.983609,240,0.982422,0.979079,0.985126,0.006047,0.981791,0.975646,0.98723,0.964243,0.991737,0.002701,240,0.002724,240,0.421875,240,87.0,240,0.999817,240,0.10526,240
8,35,240,False,native,240,0.964726,0.958799,0.97098,0.012181,0.963936,0.952192,0.974518,0.94194,0.982723,240,0.982046,0.978966,0.985276,0.00631,0.981617,0.975511,0.987094,0.970102,0.991286,0.00264,240,0.002678,240,0.427734,240,87.0,240,,0,0.105144,240
8,40,240,False,native,240,0.965306,0.959088,0.971564,0.012476,0.964714,0.952737,0.975367,0.938547,0.979774,240,0.982347,0.979117,0.985577,0.00646,0.982021,0.975796,0.98753,0.968299,0.989784,0.002769,240,0.002808,240,0.419922,240,85.5,240,0.999815,240,0.105029,240
8,45,240,False,native,240,0.964291,0.958799,0.970688,0.011889,0.964386,0.953052,0.974488,0.943641,0.980363,240,0.981821,0.978966,0.985126,0.00616,0.981853,0.975962,0.987079,0.971004,0.990084,0.002846,240,0.002815,240,0.433594,240,84.0,240,,0,0.104518,240
9,0,240,False,native,240,0.954629,0.945275,0.969522,0.024248,0.954009,0.932328,0.973025,0.903346,0.975954,240,0.976788,0.971867,0.984525,0.012658,0.976389,0.964979,0.986328,0.949219,0.987831,0.002281,240,0.00222,240,0.507812,240,121.5,240,0.999717,240,0.108159,240
9,5,240,False,native,240,0.965306,0.956424,0.972733,0.016308,0.964116,0.946711,0.977128,0.931235,0.984496,240,0.982347,0.977727,0.986178,0.008451,0.981697,0.972626,0.988431,0.964393,0.992188,0.002769,240,0.002777,240,0.419922,240,99.0,240,,0,0.10776,240
9,10,240,False,native,240,0.969085,0.96183,0.975074,0.013244,0.966976,0.951277,0.978009,0.937136,0.983018,240,0.9843,0.980544,0.98738,0.006836,0.983184,0.97503,0.988882,0.967548,0.991436,0.002853,240,0.002899,240,0.380859,240,89.5,240,0.999826,240,0.107312,240
9,15,240,False,native,240,0.970834,0.96306,0.97566,0.012601,0.968367,0.952994,0.97892,0.936854,0.9842,240,0.985201,0.981182,0.98768,0.006498,0.983904,0.975931,0.989348,0.967398,0.992037,0.002914,240,0.002922,240,0.367188,240,83.0,240,,0,0.106846,240
9,20,240,False,native,240,0.971564,0.965451,0.975954,0.010503,0.969329,0.954744,0.978597,0.94279,0.985088,240,0.985577,0.982422,0.987831,0.005409,0.984406,0.976848,0.989183,0.970553,0.992488,0.002945,240,0.002869,240,0.359375,240,82.0,240,0.999825,240,0.106372,240
9,25,240,False,native,240,0.971856,0.966467,0.97632,0.009853,0.970258,0.955318,0.979509,0.945346,0.985976,240,0.985727,0.982948,0.988018,0.005071,0.984885,0.977148,0.989648,0.971905,0.992939,0.002914,240,0.00296,240,0.351562,240,79.0,240,,0,0.10609,240
9,30,240,False,native,240,0.972148,0.967194,0.976247,0.009053,0.970486,0.957071,0.97948,0.942224,0.985384,240,0.985877,0.983323,0.987981,0.004657,0.985005,0.978065,0.989633,0.970252,0.992638,0.002968,240,0.002945,240,0.347656,240,77.5,240,0.999819,240,0.105746,240
9,35,240,False,native,240,0.972148,0.966903,0.976247,0.009344,0.970823,0.959636,0.979215,0.943641,0.9842,240,0.985877,0.983173,0.987981,0.004808,0.985179,0.979402,0.989498,0.971004,0.992037,0.002991,240,0.00296,240,0.347656,240,72.0,240,,0,0.105357,240
9,40,240,False,native,240,0.972733,0.967484,0.976834,0.009349,0.971382,0.96131,0.979774,0.937982,0.983609,240,0.986178,0.983474,0.988281,0.004808,0.985469,0.980273,0.989784,0.967999,0.991737,0.002968,240,0.003059,240,0.339844,240,72.0,240,0.999814,240,0.104763,240
9,45,240,False,native,240,0.971564,0.966903,0.975954,0.009051,0.971078,0.963103,0.97948,0.943358,0.983905,240,0.985577,0.983173,0.987831,0.004657,0.985315,0.981205,0.989633,0.970853,0.991887,0.003021,240,0.003036,240,0.353516,240,73.0,240,,0,0.104207,240
10,0,240,False,native,240,0.950762,0.940242,0.961108,0.020866,0.948345,0.92231,0.972148,0.906617,0.982723,240,0.97476,0.969201,0.980168,0.010968,0.973398,0.959585,0.985877,0.951022,0.991286,0.0,240,0.0,240,0.554688,240,148.0,240,0.999686,240,0.107467,240
10,5,240,False,native,240,0.957791,0.946128,0.968357,0.02223,0.955859,0.932636,0.978332,0.887156,0.985088,240,0.978441,0.972318,0.983924,0.011606,0.97734,0.965144,0.989047,0.940204,0.992488,0.002235,240,0.002274,240,0.492188,240,113.0,240,,0,0.109214,240
10,10,240,False,native,240,0.960963,0.949691,0.970688,0.020998,0.957735,0.931795,0.979215,0.885552,0.985384,240,0.980093,0.974196,0.985126,0.01093,0.978307,0.964694,0.989498,0.939303,0.992638,0.002441,240,0.002457,240,0.458984,240,111.0,240,0.999846,240,0.1093,240
10,15,240,False,native,240,0.962409,0.95162,0.971783,0.020163,0.95848,0.933984,0.978597,0.880492,0.98568,240,0.980844,0.97521,0.98569,0.010479,0.978695,0.965865,0.989183,0.936448,0.992788,0.002457,240,0.00251,240,0.449219,240,109.0,240,,0,0.109338,240
10,20,240,False,native,240,0.963132,0.952049,0.972148,0.020099,0.959106,0.934012,0.97892,0.875722,0.985976,240,0.98122,0.975436,0.985877,0.010442,0.97902,0.96588,0.989348,0.933744,0.992939,0.00248,240,0.00248,240,0.4375,240,107.5,240,0.999854,240,0.109384,240
10,25,240,False,native,240,0.964581,0.953553,0.972733,0.019179,0.960012,0.937024,0.978891,0.879164,0.984496,240,0.981971,0.976224,0.986178,0.009953,0.979497,0.967488,0.989333,0.935697,0.992188,0.00251,240,0.002563,240,0.425781,240,106.5,240,,0,0.109389,240
10,30,240,False,native,240,0.965451,0.954772,0.974269,0.019496,0.961125,0.936178,0.978891,0.883685,0.985384,240,0.982422,0.976863,0.986967,0.010104,0.980085,0.967037,0.989333,0.938251,0.992638,0.002518,240,0.002571,240,0.419922,240,105.5,240,0.999853,240,0.109463,240
10,35,240,False,native,240,0.966467,0.955562,0.973903,0.018341,0.961533,0.936516,0.979509,0.886354,0.986866,240,0.982948,0.977276,0.986779,0.009503,0.980297,0.967218,0.989648,0.939754,0.993389,0.002663,240,0.002579,240,0.402344,240,103.0,240,,0,0.109606,240
10,40,240,False,native,240,0.967194,0.954988,0.973976,0.018988,0.962006,0.939083,0.978332,0.886621,0.987162,240,0.983323,0.976976,0.986816,0.009841,0.98055,0.968585,0.989047,0.939904,0.99354,0.002625,240,0.002663,240,0.404297,240,102.0,240,0.999852,240,0.109709,240
10,45,240,False,native,240,0.967484,0.956712,0.974854,0.018143,0.963624,0.940242,0.97892,0.900357,0.984496,240,0.983474,0.977877,0.987267,0.00939,0.981407,0.969201,0.989348,0.947566,0.992188,0.002747,240,0.002716,240,0.392578,240,97.0,240,,0,0.109868,240
11,0,240,False,native,240,0.957071,0.94357,0.964653,0.021083,0.953981,0.930394,0.977421,0.90498,0.983313,240,0.978065,0.970966,0.982009,0.011043,0.976355,0.963942,0.988582,0.95012,0.991587,0.002457,240,0.002625,240,0.511719,240,111.0,240,0.999825,240,0.108431,240
11,5,240,False,native,240,0.961975,0.95298,0.971272,0.018292,0.960738,0.944948,0.977715,0.915671,0.986273,240,0.980619,0.975924,0.985427,0.009503,0.979924,0.971695,0.988732,0.95598,0.993089,0.002594,240,0.002579,240,0.457031,240,106.0,240,,0,0.108419,240
11,10,240,False,native,240,0.962698,0.954342,0.971929,0.017587,0.961085,0.939931,0.977744,0.917051,0.984792,240,0.980995,0.976638,0.985765,0.009127,0.980099,0.969035,0.988747,0.956731,0.992338,0.002586,240,0.002678,240,0.453125,240,103.5,240,0.999846,240,0.108184,240
11,15,240,False,native,240,0.963711,0.954701,0.973903,0.019202,0.961662,0.939931,0.978597,0.916499,0.984496,240,0.98152,0.976825,0.986779,0.009953,0.980397,0.969035,0.989183,0.95643,0.992188,0.002686,240,0.00264,240,0.439453,240,99.5,240,,0,0.107949,240
11,20,240,False,native,240,0.965016,0.954414,0.975074,0.020661,0.96272,0.941062,0.979509,0.917879,0.98835,240,0.982197,0.976675,0.98738,0.010705,0.980948,0.969636,0.989648,0.957181,0.994141,0.00293,240,0.002914,240,0.425781,240,98.0,240,0.999842,240,0.107759,240
11,25,240,False,native,240,0.965886,0.954772,0.974562,0.019789,0.963273,0.942422,0.978303,0.9099,0.983609,240,0.982647,0.976863,0.987117,0.010254,0.981236,0.970358,0.989032,0.952825,0.991737,0.002975,240,0.002945,240,0.410156,240,97.5,240,,0,0.107673,240
11,30,240,False,native,240,0.967048,0.954844,0.974854,0.02001,0.963715,0.943358,0.97895,0.909626,0.985088,240,0.983248,0.976901,0.987267,0.010367,0.98147,0.970853,0.989363,0.952674,0.992488,0.002991,240,0.003075,240,0.404297,240,96.0,240,0.999836,240,0.107574,240
11,35,240,False,native,240,0.967775,0.953625,0.975367,0.021742,0.964329,0.942479,0.97892,0.924256,0.985976,240,0.983624,0.976262,0.98753,0.011268,0.98179,0.970388,0.989348,0.960637,0.992939,0.003128,240,0.003136,240,0.390625,240,97.0,240,,0,0.107438,240
11,40,240,False,native,240,0.968648,0.957287,0.97566,0.018373,0.965325,0.944181,0.97892,0.923977,0.982427,240,0.984075,0.978178,0.98768,0.009503,0.982312,0.971289,0.989348,0.960487,0.991136,0.003075,240,0.003067,240,0.392578,240,94.5,240,0.99983,240,0.107338,240
11,45,240,False,native,240,0.970397,0.958799,0.97654,0.017741,0.966391,0.947281,0.979185,0.932917,0.9842,240,0.984976,0.978966,0.988131,0.009165,0.982868,0.972927,0.989483,0.965294,0.992037,0.003059,240,0.003052,240,0.367188,240,88.5,240,,0,0.10737,240
12,0,240,False,native,240,0.958943,0.943854,0.964871,0.021017,0.952041,0.928046,0.970163,0.893868,0.978891,240,0.979041,0.971116,0.982121,0.011005,0.975328,0.96268,0.984856,0.94396,0.989333,0.002632,240,0.002541,240,0.494141,240,112.0,240,0.999701,240,0.107641,240
12,5,240,False,native,240,0.964001,0.949619,0.971345,0.021726,0.95647,0.921145,0.975367,0.864687,0.982427,240,0.981671,0.974159,0.985464,0.011306,0.977614,0.958954,0.98753,0.927434,0.991136,0.003082,240,0.003052,240,0.433594,240,105.5,240,,0,0.107075,240
12,10,240,False,native,240,0.965886,0.948549,0.973025,0.024476,0.95651,0.91603,0.976276,0.868613,0.9842,240,0.982647,0.973595,0.986328,0.012733,0.977605,0.956175,0.987996,0.929688,0.992037,0.003052,240,0.003036,240,0.410156,240,100.5,240,0.999832,240,0.10626,240
12,15,240,False,native,240,0.967194,0.945204,0.97361,0.028406,0.957132,0.919761,0.977421,0.869663,0.983018,240,0.983323,0.97183,0.986629,0.014799,0.977935,0.958203,0.988582,0.930288,0.991436,0.002937,240,0.00293,240,0.402344,240,94.5,240,,0,0.105704,240
12,20,240,False,native,240,0.968066,0.946199,0.974854,0.028656,0.958094,0.923506,0.978009,0.878104,0.983609,240,0.983774,0.972356,0.987267,0.014911,0.978441,0.960231,0.988882,0.935096,0.991737,0.002968,240,0.002914,240,0.390625,240,92.0,240,0.999834,240,0.105254,240
12,25,240,False,native,240,0.968648,0.944706,0.974781,0.030075,0.958719,0.92395,0.979244,0.880757,0.984792,240,0.984075,0.971567,0.98723,0.015663,0.978782,0.960472,0.989513,0.936599,0.992338,0.002937,240,0.002914,240,0.390625,240,89.0,240,,0,0.104938,240
12,30,240,False,native,240,0.96894,0.94279,0.975367,0.032577,0.959066,0.921867,0.979215,0.882619,0.98568,240,0.984225,0.970553,0.98753,0.016977,0.978968,0.959345,0.989498,0.93765,0.992788,0.002838,240,0.002808,240,0.382812,240,89.0,240,0.999829,240,0.104564,240
12,35,240,False,native,240,0.969522,0.94279,0.976247,0.033457,0.959713,0.928102,0.979185,0.882353,0.983313,240,0.984525,0.970553,0.987981,0.017428,0.979316,0.96271,0.989483,0.9375,0.991587,0.002914,240,0.0028,240,0.376953,240,86.0,240,,0,0.104164,240
12,40,240,False,native,240,0.968648,0.944777,0.976834,0.032057,0.960739,0.927878,0.979774,0.899272,0.98568,240,0.984075,0.971605,0.988281,0.016677,0.979868,0.96259,0.989784,0.946965,0.992788,0.002823,240,0.002808,240,0.390625,240,84.5,240,0.999829,240,0.103816,240
12,45,240,False,native,240,0.969814,0.949334,0.976614,0.02728,0.961858,0.932917,0.97948,0.90771,0.985088,240,0.984675,0.974008,0.988169,0.01416,0.980466,0.965294,0.989633,0.951623,0.992488,0.002861,240,0.002777,240,0.378906,240,79.0,240,,0,0.103227,240
13,0,240,False,native,240,0.942932,0.935446,0.951692,0.016245,0.943046,0.923366,0.961686,0.899001,0.978597,240,0.970628,0.966647,0.975248,0.008601,0.970626,0.960156,0.980469,0.946815,0.989183,0.0,240,0.0,240,0.623047,240,150.0,240,0.999678,240,0.107709,240
13,5,240,False,native,240,0.953625,0.944493,0.962915,0.018422,0.953243,0.936742,0.972733,0.90253,0.985384,240,0.976262,0.971454,0.981107,0.009653,0.976003,0.967338,0.986178,0.948768,0.992638,0.0,240,0.0,240,0.53125,240,128.0,240,,0,0.10946,240
13,10,240,False,native,240,0.956496,0.946199,0.965233,0.019035,0.955185,0.938518,0.975397,0.891715,0.98568,240,0.977764,0.972356,0.982309,0.009953,0.977009,0.968284,0.987545,0.942758,0.992788,0.001358,240,0.001278,240,0.505859,240,127.0,240,0.999846,240,0.109919,240
13,15,240,False,native,240,0.957359,0.948549,0.965814,0.017265,0.955959,0.937136,0.975074,0.892791,0.985384,240,0.978215,0.973595,0.98261,0.009014,0.977413,0.967548,0.98738,0.943359,0.992638,0.0,240,0.0,240,0.498047,240,128.0,240,,0,0.110203,240
13,20,240,False,native,240,0.959376,0.948977,0.967194,0.018217,0.956962,0.939111,0.975397,0.894947,0.985976,240,0.979267,0.973821,0.983323,0.009503,0.977938,0.9686,0.987545,0.944561,0.992939,0.001915,240,0.001785,240,0.474609,240,125.0,240,0.999839,240,0.110339,240
13,25,240,False,native,240,0.959376,0.949334,0.967484,0.018151,0.95778,0.939677,0.977186,0.898731,0.98568,240,0.979267,0.974008,0.983474,0.009465,0.978368,0.9689,0.988462,0.946665,0.992788,0.002014,240,0.002159,240,0.476562,240,122.5,240,,0,0.110408,240
13,30,240,False,native,240,0.961397,0.951763,0.968721,0.016958,0.959038,0.93962,0.977186,0.891715,0.986569,240,0.980319,0.975285,0.984112,0.008827,0.979023,0.96887,0.988462,0.942758,0.993239,0.002144,240,0.002144,240,0.453125,240,122.5,240,0.999835,240,0.110326,240
13,35,240,False,native,240,0.961397,0.952694,0.968503,0.015809,0.959565,0.941317,0.97569,0.899272,0.986569,240,0.980319,0.975774,0.983999,0.008226,0.979312,0.969772,0.987695,0.946965,0.993239,0.002159,240,0.002037,240,0.464844,240,124.0,240,,0,0.110334,240
13,40,240,False,native,240,0.961686,0.953553,0.970105,0.016552,0.960247,0.942961,0.976834,0.912369,0.986569,240,0.980469,0.976224,0.984826,0.008601,0.979669,0.970643,0.988281,0.954177,0.993239,0.002174,240,0.002304,240,0.457031,240,119.0,240,0.999827,240,0.110244,240
13,45,240,False,native,240,0.963277,0.954701,0.970178,0.015477,0.961336,0.944181,0.976247,0.907163,0.984792,240,0.981295,0.976825,0.984863,0.008038,0.980243,0.971289,0.987981,0.951322,0.992338,0.002373,240,0.002502,240,0.4375,240,117.0,240,,0,0.11015,240
14,0,240,False,native,240,0.954055,0.94428,0.966903,0.022623,0.953439,0.933759,0.97244,0.906071,0.97654,240,0.976487,0.971342,0.983173,0.011831,0.976105,0.965745,0.986028,0.950721,0.988131,0.00069,240,0.0,240,0.529297,240,128.5,240,0.999784,240,0.108615,240
14,5,240,False,native,240,0.960819,0.949334,0.970397,0.021063,0.959244,0.939394,0.975983,0.92231,0.981247,240,0.980018,0.974008,0.984976,0.010968,0.97915,0.96875,0.987846,0.959585,0.990535,0.00248,240,0.002571,240,0.460938,240,113.5,240,,0,0.108913,240
14,10,240,False,native,240,0.962264,0.951334,0.971272,0.019938,0.960084,0.942195,0.97657,0.915396,0.98568,240,0.980769,0.97506,0.985427,0.010367,0.979582,0.970237,0.988146,0.955829,0.992788,0.002594,240,0.002617,240,0.457031,240,114.0,240,0.999845,240,0.108777,240
14,15,240,False,native,240,0.962409,0.951548,0.97171,0.020162,0.960588,0.941544,0.977128,0.910996,0.983313,240,0.980844,0.975173,0.985652,0.010479,0.979841,0.969892,0.988431,0.953425,0.991587,0.002792,240,0.002739,240,0.443359,240,112.5,240,,0,0.108635,240
14,20,240,False,native,240,0.963567,0.952192,0.971856,0.019664,0.960997,0.942762,0.977421,0.907437,0.983609,240,0.981445,0.975511,0.985727,0.010216,0.980053,0.970538,0.988582,0.951472,0.991737,0.002785,240,0.002693,240,0.4375,240,113.0,240,0.999846,240,0.108635,240
14,25,240,False,native,240,0.964291,0.953052,0.97361,0.020558,0.961577,0.943641,0.977451,0.908804,0.984792,240,0.981821,0.975962,0.986629,0.010667,0.980357,0.971004,0.988597,0.952224,0.992338,0.0028,240,0.002922,240,0.433594,240,109.5,240,,0,0.108602,240
14,30,240,False,native,240,0.963856,0.953338,0.973318,0.019979,0.961824,0.942649,0.978009,0.89846,0.982427,240,0.981596,0.976112,0.986478,0.010367,0.980482,0.970478,0.988882,0.946514,0.991136,0.002846,240,0.002861,240,0.4375,240,106.0,240,0.999843,240,0.108537,240
14,35,240,False,native,240,0.964871,0.954988,0.972806,0.017818,0.962181,0.94472,0.977451,0.889567,0.98568,240,0.982121,0.976976,0.986215,0.00924,0.980667,0.971575,0.988597,0.941556,0.992788,0.002808,240,0.002853,240,0.431641,240,105.0,240,,0,0.108591,240
14,40,240,False,native,240,0.965741,0.955562,0.973318,0.017755,0.962896,0.944181,0.977421,0.898731,0.980658,240,0.982572,0.977276,0.986478,0.009202,0.981043,0.971289,0.988582,0.946665,0.990234,0.002785,240,0.002831,240,0.416016,240,101.0,240,0.999837,240,0.108628,240
14,45,240,False,native,240,0.967194,0.956784,0.973098,0.016314,0.963869,0.946768,0.977715,0.911545,0.981247,240,0.983323,0.977915,0.986366,0.008451,0.981555,0.972656,0.988732,0.953726,0.990535,0.002762,240,0.002808,240,0.398438,240,97.0,240,,0,0.10881,240
15,0,240,False,native,240,0.949762,0.938264,0.957935,0.019671,0.947093,0.924478,0.963711,0.912094,0.969522,240,0.974234,0.968149,0.978516,0.010367,0.972774,0.960757,0.98152,0.954026,0.984525,0.0,240,0.0,240,0.560547,240,131.5,240,0.999594,240,0.108442,240
15,5,240,False,native,240,0.95019,0.938194,0.957719,0.019525,0.946119,0.922866,0.963711,0.87493,0.978303,240,0.974459,0.968111,0.978403,0.010291,0.972227,0.959886,0.98152,0.933293,0.989032,0.001453,240,0.001446,240,0.558594,240,127.0,240,,0,0.108226,240
15,10,240,False,native,240,0.949619,0.934884,0.960819,0.025935,0.944915,0.918045,0.966671,0.839436,0.97654,240,0.974159,0.966346,0.980018,0.013672,0.971546,0.957272,0.983053,0.91271,0.988131,0.001366,240,0.001028,240,0.572266,240,126.0,240,0.999802,240,0.108115,240
15,15,240,False,native,240,0.950762,0.935376,0.963711,0.028335,0.945756,0.913468,0.969843,0.844789,0.980658,240,0.97476,0.966609,0.98152,0.014911,0.971971,0.954778,0.984691,0.915865,0.990234,0.000967,240,0.0014,240,0.554688,240,125.0,240,,0,0.107947,240
15,20,240,False,native,240,0.951048,0.933408,0.964943,0.031535,0.945668,0.913413,0.970718,0.840453,0.980068,240,0.97491,0.965557,0.982159,0.016602,0.971915,0.954748,0.985141,0.913311,0.989934,0.000706,240,0.000788,240,0.554688,240,126.5,240,0.999809,240,0.107823,240
15,25,240,False,native,240,0.952049,0.934813,0.964363,0.02955,0.947103,0.914542,0.97244,0.850688,0.983018,240,0.975436,0.966309,0.981858,0.01555,0.972678,0.955364,0.986028,0.919321,0.991436,0.000786,240,0.0,240,0.542969,240,128.0,240,,0,0.107766,240
15,30,240,False,native,240,0.953338,0.935024,0.966104,0.03108,0.947913,0.916278,0.973639,0.858958,0.978597,240,0.976112,0.966421,0.98276,0.016339,0.973106,0.95631,0.986644,0.924129,0.989183,0.001053,240,0.000935,240,0.535156,240,126.0,240,0.999817,240,0.107691,240
15,35,240,False,native,240,0.955347,0.936291,0.967484,0.031194,0.949266,0.91752,0.974254,0.867303,0.980363,240,0.977163,0.967097,0.983474,0.016376,0.973824,0.956986,0.986959,0.928936,0.990084,0.001434,240,0.001484,240,0.519531,240,122.5,240,,0,0.107707,240
15,40,240,False,native,240,0.956352,0.939253,0.969886,0.030634,0.951527,0.919788,0.975103,0.87943,0.983313,240,0.977689,0.968675,0.984713,0.016038,0.975031,0.958218,0.987395,0.935847,0.991587,0.001534,240,0.00106,240,0.507812,240,126.0,240,0.999815,240,0.10756,240
15,45,240,False,native,240,0.958079,0.941869,0.968139,0.02627,0.953738,0.926985,0.97566,0.881555,0.980952,240,0.978591,0.970065,0.983812,0.013747,0.976222,0.962109,0.98768,0.937049,0.990385,0.002136,240,0.001961,240,0.492188,240,113.0,240,,0,0.107478,240
16,0,240,False,native,240,0.946199,0.935657,0.963422,0.027764,0.947,0.923699,0.969231,0.906344,0.983018,240,0.972356,0.966759,0.98137,0.014611,0.972686,0.960337,0.984375,0.950871,0.991436,0.0,240,0.0,240,0.59375,240,146.0,240,0.999699,240,0.108795,240
16,5,240,False,native,240,0.952479,0.935165,0.971345,0.03618,0.951133,0.923144,0.975983,0.89333,0.983018,240,0.975661,0.966496,0.985464,0.018968,0.974831,0.960036,0.987846,0.94366,0.991436,0.0,240,0.0,240,0.53125,240,134.5,240,,0,0.108953,240
16,10,240,False,native,240,0.955347,0.93397,0.973025,0.039055,0.951442,0.9181,0.976863,0.882087,0.982427,240,0.977163,0.965858,0.986328,0.02047,0.974968,0.957302,0.988296,0.93735,0.991136,0.0,240,0.0,240,0.515625,240,130.5,240,0.999801,240,0.109099,240
16,15,240,False,native,240,0.957503,0.93397,0.973025,0.039055,0.951913,0.921284,0.977715,0.875986,0.983018,240,0.97829,0.965858,0.986328,0.02047,0.97521,0.959029,0.988732,0.933894,0.991436,0.000664,240,0.000481,240,0.488281,240,127.0,240,,0,0.109052,240
16,20,240,False,native,240,0.958799,0.933479,0.974488,0.04101,0.952415,0.918073,0.978891,0.870977,0.983313,240,0.978966,0.965595,0.987079,0.021484,0.975459,0.957287,0.989333,0.93104,0.991587,0.001675,240,0.001759,240,0.488281,240,124.0,240,0.999806,240,0.108963,240
16,25,240,False,native,240,0.961975,0.935728,0.973976,0.038248,0.953621,0.921173,0.978038,0.875194,0.983905,240,0.980619,0.966797,0.986816,0.02002,0.976102,0.958969,0.988897,0.933444,0.991887,0.002235,240,0.002182,240,0.445312,240,120.0,240,,0,0.109029,240
16,30,240,False,native,240,0.961108,0.936784,0.973903,0.037119,0.95441,0.919179,0.977715,0.877309,0.983905,240,0.980168,0.96736,0.986779,0.019419,0.976524,0.957888,0.988732,0.934645,0.991887,0.002289,240,0.002411,240,0.453125,240,116.0,240,0.999809,240,0.108927,240
16,35,240,False,native,240,0.963277,0.937771,0.974781,0.03701,0.955375,0.919511,0.978626,0.881289,0.983609,240,0.981295,0.967886,0.98723,0.019343,0.977035,0.958068,0.989198,0.936899,0.991737,0.002594,240,0.00238,240,0.435547,240,108.5,240,,0,0.108952,240
16,40,240,False,native,240,0.964581,0.939111,0.974195,0.035084,0.956917,0.92693,0.978332,0.879695,0.983609,240,0.981971,0.9686,0.986929,0.018329,0.977863,0.962079,0.989047,0.935998,0.991737,0.002678,240,0.002579,240,0.425781,240,108.0,240,0.999817,240,0.109103,240
16,45,240,False,native,240,0.963856,0.944706,0.975147,0.030441,0.958663,0.931795,0.978891,0.894677,0.983905,240,0.981596,0.971567,0.987417,0.01585,0.978792,0.964694,0.989333,0.944411,0.991887,0.002609,240,0.002701,240,0.435547,240,105.0,240,,0,0.109168,240
17,0,240,False,native,240,0.962843,0.953912,0.971272,0.01736,0.959201,0.931795,0.975367,0.917603,0.983018,240,0.98107,0.976412,0.985427,0.009014,0.979108,0.964694,0.98753,0.957031,0.991436,0.003006,240,0.00309,240,0.439453,240,113.0,240,0.999808,240,0.106478,240
17,5,240,False,native,240,0.971564,0.965161,0.976247,0.011086,0.967689,0.945857,0.97892,0.929835,0.983018,240,0.985577,0.982272,0.987981,0.005709,0.983537,0.972175,0.989348,0.963642,0.991436,0.003082,240,0.003075,240,0.351562,240,83.0,240,,0,0.105788,240
17,10,240,False,native,240,0.974195,0.967994,0.977421,0.009428,0.970191,0.952908,0.979774,0.927878,0.985384,240,0.986929,0.983736,0.988582,0.004845,0.984836,0.975886,0.989784,0.96259,0.992638,0.00312,240,0.003098,240,0.328125,240,71.0,240,0.999836,240,0.105227,240
17,15,240,False,native,240,0.973903,0.96894,0.977128,0.008188,0.970451,0.953281,0.97948,0.930394,0.985384,240,0.986779,0.984225,0.988431,0.004207,0.984973,0.976082,0.989633,0.963942,0.992638,0.003113,240,0.00312,240,0.328125,240,67.0,240,,0,0.104921,240
17,20,240,False,native,240,0.97361,0.969741,0.977201,0.00746,0.970657,0.953224,0.980658,0.928716,0.987756,240,0.986629,0.984638,0.988469,0.003831,0.985081,0.976052,0.990234,0.963041,0.99384,0.003204,240,0.003174,240,0.332031,240,64.0,240,0.999822,240,0.104724,240
17,25,240,False,native,240,0.974195,0.967921,0.978597,0.010676,0.97106,0.954428,0.980658,0.932636,0.988053,240,0.986929,0.983699,0.989183,0.005484,0.985286,0.976683,0.990234,0.965144,0.99399,0.003204,240,0.003204,240,0.328125,240,61.0,240,,0,0.104489,240
17,30,240,False,native,240,0.974195,0.965741,0.978009,0.012268,0.970537,0.95417,0.980687,0.935165,0.985976,240,0.986929,0.982572,0.988882,0.00631,0.985019,0.976547,0.990249,0.966496,0.992939,0.003204,240,0.003189,240,0.328125,240,59.0,240,0.99982,240,0.104154,240
17,35,240,False,native,240,0.973903,0.965741,0.977715,0.011974,0.97002,0.95245,0.980068,0.936009,0.9842,240,0.986779,0.982572,0.988732,0.00616,0.984751,0.975646,0.989934,0.966947,0.992037,0.003197,240,0.003189,240,0.332031,240,57.5,240,,0,0.103826,240
17,40,240,False,native,240,0.974195,0.964074,0.978009,0.013935,0.96996,0.955031,0.980098,0.931515,0.984792,240,0.986929,0.981708,0.988882,0.007174,0.984721,0.976998,0.989949,0.964543,0.992338,0.003212,240,0.003189,240,0.332031,240,57.5,240,0.999815,240,0.103318,240
17,45,240,False,native,240,0.972148,0.960097,0.97654,0.016443,0.967972,0.951591,0.979774,0.934884,0.983018,240,0.985877,0.979642,0.988131,0.008489,0.983692,0.975195,0.989784,0.966346,0.991436,0.003044,240,0.00309,240,0.347656,240,59.5,240,,0,0.102948,240
18,0,240,False,native,240,0.939111,0.928437,0.945985,0.017549,0.938463,0.924812,0.951906,0.912369,0.964001,240,0.9686,0.962891,0.972243,0.009352,0.968226,0.960938,0.975361,0.954177,0.981671,0.0,240,0.0,240,0.652344,240,157.0,240,0.999782,240,0.106168,240
18,5,240,False,native,240,0.962264,0.954127,0.967775,0.013649,0.959059,0.941657,0.971593,0.897648,0.978009,240,0.980769,0.976525,0.983624,0.007099,0.97906,0.969952,0.985592,0.946064,0.988882,0.002579,240,0.002518,240,0.453125,240,99.5,240,,0,0.107794,240
18,10,240,False,native,240,0.964001,0.953052,0.969886,0.016835,0.960106,0.940723,0.973054,0.904162,0.978597,240,0.981671,0.975962,0.984713,0.008752,0.979599,0.969456,0.986343,0.949669,0.989183,0.002556,240,0.002579,240,0.439453,240,90.0,240,0.999739,240,0.107918,240
18,15,240,False,native,240,0.963422,0.952765,0.970397,0.017632,0.960304,0.941884,0.973347,0.917879,0.980363,240,0.98137,0.975811,0.984976,0.009165,0.979704,0.970072,0.986493,0.957181,0.990084,0.002663,240,0.002602,240,0.449219,240,85.0,240,,0,0.108076,240
18,20,240,False,native,240,0.965306,0.955059,0.970397,0.015337,0.960968,0.942082,0.973903,0.909352,0.979774,240,0.982347,0.977013,0.984976,0.007963,0.980047,0.970177,0.986779,0.952524,0.989784,0.002716,240,0.002716,240,0.429688,240,81.0,240,0.999718,240,0.108203,240
18,25,240,False,native,240,0.964581,0.955059,0.969814,0.014754,0.961065,0.939337,0.973932,0.915396,0.982132,240,0.981971,0.977013,0.984675,0.007662,0.980101,0.96872,0.986794,0.955829,0.990986,0.002762,240,0.00264,240,0.429688,240,80.0,240,,0,0.108123,240
18,30,240,False,native,240,0.964726,0.955849,0.97098,0.015131,0.961303,0.941062,0.974195,0.910722,0.983905,240,0.982046,0.977426,0.985276,0.00785,0.980223,0.969636,0.986929,0.953275,0.991887,0.002815,240,0.002724,240,0.425781,240,75.5,240,0.999722,240,0.107876,240
18,35,240,False,native,240,0.966322,0.957647,0.971856,0.014209,0.962766,0.944351,0.974781,0.914019,0.982723,240,0.982873,0.978365,0.985727,0.007362,0.980986,0.971379,0.98723,0.955078,0.991286,0.002815,240,0.002869,240,0.417969,240,74.0,240,,0,0.107487,240
18,40,240,False,native,240,0.967048,0.958151,0.971564,0.013413,0.963509,0.944777,0.976247,0.926483,0.980952,240,0.983248,0.978628,0.985577,0.006949,0.981376,0.971605,0.987981,0.961839,0.990385,0.002922,240,0.002991,240,0.40625,240,73.5,240,0.999728,240,0.106932,240
18,45,240,False,native,240,0.966612,0.961108,0.971856,0.010748,0.964599,0.949619,0.974781,0.924534,0.980363,240,0.983023,0.980168,0.985727,0.005559,0.981953,0.974159,0.98723,0.960787,0.990084,0.003075,240,0.003082,240,0.414062,240,71.0,240,,0,0.106506,240
19,0,240,False,native,240,0.956784,0.941657,0.968212,0.026555,0.954656,0.933929,0.975074,0.914019,0.986569,240,0.977915,0.969952,0.983849,0.013897,0.976732,0.965835,0.98738,0.955078,0.993239,0.002548,240,0.002472,240,0.5,240,120.0,240,0.999748,240,0.105213,240
19,5,240,False,native,240,0.963567,0.948406,0.971272,0.022866,0.959539,0.93818,0.97566,0.909352,0.984496,240,0.981445,0.97352,0.985427,0.011907,0.979293,0.968104,0.98768,0.952524,0.992188,0.00264,240,0.002563,240,0.445312,240,102.0,240,,0,0.105472,240
19,10,240,False,native,240,0.962264,0.950762,0.971564,0.020802,0.960714,0.941374,0.97654,0.909626,0.985088,240,0.980769,0.97476,0.985577,0.010817,0.979914,0.969802,0.988131,0.952674,0.992488,0.002602,240,0.002556,240,0.447266,240,97.0,240,0.999824,240,0.105822,240
19,15,240,False,native,240,0.962843,0.951548,0.971856,0.020308,0.961046,0.94194,0.97657,0.910996,0.984496,240,0.98107,0.975173,0.985727,0.010554,0.980088,0.970102,0.988146,0.953425,0.992188,0.002571,240,0.002655,240,0.443359,240,98.0,240,,0,0.105931,240
19,20,240,False,native,240,0.963422,0.951048,0.971856,0.020808,0.961142,0.94245,0.97654,0.916223,0.983609,240,0.98137,0.97491,0.985727,0.010817,0.980137,0.970373,0.988131,0.95628,0.991737,0.002617,240,0.002602,240,0.4375,240,96.0,240,0.999821,240,0.10606,240
19,25,240,False,native,240,0.964726,0.950762,0.97244,0.021678,0.96155,0.943613,0.97654,0.924256,0.983313,240,0.982046,0.97476,0.986028,0.011268,0.980353,0.970989,0.988131,0.960637,0.991587,0.002686,240,0.002686,240,0.431641,240,95.0,240,,0,0.106052,240
19,30,240,False,native,240,0.965596,0.950762,0.972733,0.021971,0.962036,0.943046,0.976247,0.924256,0.982723,240,0.982497,0.97476,0.986178,0.011418,0.980605,0.970688,0.987981,0.960637,0.991286,0.002686,240,0.002701,240,0.417969,240,93.5,240,0.99981,240,0.105871,240
19,35,240,False,native,240,0.965741,0.950119,0.972148,0.022029,0.961569,0.943046,0.975954,0.927878,0.981247,240,0.982572,0.974422,0.985877,0.011456,0.980364,0.970688,0.987831,0.96259,0.990535,0.002708,240,0.002747,240,0.419922,240,93.0,240,,0,0.105825,240
19,40,240,False,native,240,0.965451,0.950476,0.97244,0.021964,0.96191,0.943641,0.97657,0.923699,0.982723,240,0.982422,0.974609,0.986028,0.011418,0.980541,0.971004,0.988146,0.960337,0.991286,0.002701,240,0.002731,240,0.419922,240,91.0,240,0.999799,240,0.105731,240
19,45,240,False,native,240,0.965741,0.953768,0.972148,0.01838,0.962338,0.944181,0.975367,0.928996,0.981247,240,0.982572,0.976337,0.985877,0.00954,0.980769,0.971289,0.98753,0.963191,0.990535,0.002663,240,0.002686,240,0.421875,240,88.0,240,,0,0.105624,240
20,0,240,False,native,240,0.953338,0.941374,0.966032,0.024658,0.952834,0.926483,0.97247,0.907163,0.980363,240,0.976112,0.969802,0.982722,0.012921,0.975771,0.961839,0.986043,0.951322,0.990084,0.002686,240,0.002487,240,0.535156,240,83.0,240,0.999683,240,0.103201,240
20,5,240,False,native,240,0.962409,0.956209,0.96843,0.012221,0.961396,0.947309,0.974488,0.930674,0.982427,240,0.980844,0.977614,0.983962,0.006348,0.980288,0.972942,0.987079,0.964093,0.991136,0.002739,240,0.002739,240,0.453125,240,76.0,240,,0,0.10468,240
20,10,240,False,native,240,0.961686,0.957,0.968357,0.011358,0.961074,0.94674,0.974195,0.928996,0.982427,240,0.980469,0.978027,0.983924,0.005897,0.980123,0.972641,0.986929,0.963191,0.991136,0.002823,240,0.002693,240,0.460938,240,75.0,240,0.999728,240,0.104929,240
20,15,240,False,native,240,0.961108,0.953625,0.967848,0.014223,0.960252,0.94563,0.973347,0.927041,0.980952,240,0.980168,0.976262,0.983661,0.007399,0.979693,0.972055,0.986493,0.962139,0.990385,0.002701,240,0.002686,240,0.464844,240,77.0,240,,0,0.105066,240
20,20,240,False,native,240,0.96053,0.952192,0.967266,0.015074,0.959749,0.94617,0.972762,0.927878,0.980363,240,0.979868,0.975511,0.983361,0.00785,0.979431,0.972341,0.986193,0.96259,0.990084,0.002808,240,0.002762,240,0.472656,240,78.0,240,0.999709,240,0.105,240
20,25,240,False,native,240,0.959809,0.952407,0.966467,0.01406,0.958986,0.945346,0.97244,0.930394,0.984792,240,0.979492,0.975623,0.982948,0.007324,0.979032,0.971905,0.986028,0.963942,0.992338,0.002777,240,0.002739,240,0.484375,240,79.0,240,,0,0.104781,240
20,30,240,False,native,240,0.958943,0.950691,0.965233,0.014543,0.958395,0.944124,0.97361,0.927041,0.983905,240,0.979041,0.974722,0.982309,0.007587,0.978721,0.971259,0.986629,0.962139,0.991887,0.002861,240,0.002808,240,0.484375,240,78.0,240,0.999685,240,0.104546,240
20,35,240,False,native,240,0.958079,0.950405,0.965451,0.015046,0.957623,0.942762,0.971885,0.918985,0.981247,240,0.978591,0.974572,0.982422,0.00785,0.978318,0.970538,0.985742,0.957782,0.990535,0.002762,240,0.002747,240,0.503906,240,79.0,240,,0,0.104349,240
20,40,240,False,native,240,0.957359,0.949905,0.965161,0.015256,0.957132,0.941345,0.973318,0.925369,0.984792,240,0.978215,0.974309,0.982272,0.007963,0.978058,0.969787,0.986478,0.961238,0.992338,0.002884,240,0.002815,240,0.507812,240,79.5,240,0.999665,240,0.104223,240
20,45,240,False,native,240,0.957071,0.947551,0.965814,0.018263,0.956472,0.939309,0.973347,0.92509,0.980363,240,0.978065,0.973069,0.98261,0.00954,0.977709,0.968705,0.986493,0.961088,0.990084,0.002838,240,0.002838,240,0.5,240,80.0,240,,0,0.104067,240
21,0,240,False,native,240,0.958511,0.949048,0.969522,0.020474,0.951483,0.917134,0.975485,0.862339,0.981542,240,0.978816,0.973858,0.984525,0.010667,0.974927,0.956776,0.98759,0.926082,0.990685,0.002533,240,0.002602,240,0.480469,240,87.0,240,0.999704,240,0.104621,240
21,5,240,False,native,240,0.965016,0.957935,0.971856,0.013921,0.96281,0.947908,0.976276,0.904435,0.983313,240,0.982197,0.978516,0.985727,0.007212,0.98101,0.973257,0.987996,0.94982,0.991587,0.002945,240,0.002975,240,0.429688,240,80.0,240,,0,0.106039,240
21,10,240,False,native,240,0.965596,0.959304,0.971345,0.012041,0.963599,0.946341,0.97654,0.918156,0.983609,240,0.982497,0.979229,0.985464,0.006235,0.981423,0.972431,0.988131,0.957332,0.991737,0.003082,240,0.003181,240,0.417969,240,77.0,240,0.999763,240,0.105467,240
21,15,240,False,native,240,0.965451,0.958799,0.971564,0.012765,0.963378,0.948164,0.976276,0.921478,0.982427,240,0.982422,0.978966,0.985577,0.006611,0.98131,0.973392,0.987996,0.959135,0.991136,0.003082,240,0.003128,240,0.421875,240,78.0,240,,0,0.105002,240
21,20,240,False,native,240,0.965016,0.957647,0.971564,0.013917,0.963392,0.948421,0.97654,0.924534,0.982723,240,0.982197,0.978365,0.985577,0.007212,0.981321,0.973528,0.988131,0.960787,0.991286,0.003143,240,0.003075,240,0.423828,240,79.0,240,0.999757,240,0.104667,240
21,25,240,False,native,240,0.963711,0.957287,0.970397,0.013109,0.96305,0.948421,0.976834,0.928996,0.983905,240,0.98152,0.978178,0.984976,0.006798,0.981145,0.973528,0.988281,0.963191,0.991887,0.003052,240,0.003143,240,0.441406,240,80.0,240,,0,0.10443,240
21,30,240,False,native,240,0.964001,0.955921,0.971345,0.015424,0.96273,0.949848,0.975397,0.934321,0.981837,240,0.981671,0.977464,0.985464,0.008,0.980981,0.974279,0.987545,0.966046,0.990835,0.003029,240,0.003067,240,0.435547,240,79.0,240,0.999741,240,0.104069,240
21,35,240,False,native,240,0.964291,0.954988,0.970761,0.015774,0.962621,0.947309,0.975074,0.932636,0.982427,240,0.981821,0.976976,0.985164,0.008188,0.980925,0.972942,0.98738,0.965144,0.991136,0.003006,240,0.003059,240,0.425781,240,80.0,240,,0,0.10386,240
21,40,240,False,native,240,0.964436,0.954772,0.971272,0.0165,0.962558,0.947879,0.975397,0.931515,0.983905,240,0.981896,0.976863,0.985427,0.008564,0.980891,0.973242,0.987545,0.964543,0.991887,0.003006,240,0.003006,240,0.431641,240,80.0,240,0.999736,240,0.103806,240
21,45,240,False,native,240,0.963277,0.953912,0.970688,0.016777,0.961751,0.94617,0.974781,0.927599,0.985976,240,0.981295,0.976412,0.985126,0.008714,0.980469,0.972341,0.98723,0.96244,0.992939,0.002945,240,0.002968,240,0.439453,240,78.0,240,,0,0.103539,240
22,0,240,False,native,240,0.942507,0.931515,0.958153,0.026638,0.939265,0.893868,0.970397,0.872029,0.985976,240,0.970403,0.964543,0.978628,0.014085,0.968506,0.94396,0.984976,0.931641,0.992939,0.0,240,0.0,240,0.632812,240,150.0,240,0.999554,240,0.101879,240
22,5,240,False,native,240,0.954055,0.935939,0.965016,0.029077,0.950035,0.924812,0.971009,0.896296,0.987459,240,0.976487,0.96691,0.982197,0.015287,0.974284,0.960938,0.985291,0.945312,0.99369,0.001911,240,0.001671,240,0.523438,240,127.0,240,,0,0.105384,240
22,10,240,False,native,240,0.954916,0.936854,0.964653,0.027799,0.950487,0.927292,0.970426,0.887424,0.980658,240,0.976938,0.967398,0.982009,0.014611,0.974527,0.962275,0.984991,0.940355,0.990234,0.0,240,0.001049,240,0.513672,240,126.5,240,0.999756,240,0.106036,240
22,15,240,False,native,240,0.955778,0.939111,0.966032,0.02692,0.951661,0.927571,0.971856,0.883951,0.977421,240,0.977389,0.9686,0.982722,0.014123,0.975143,0.962425,0.985727,0.938401,0.988582,0.00172,240,0.001968,240,0.513672,240,123.0,240,,0,0.106418,240
22,20,240,False,native,240,0.957215,0.940101,0.966976,0.026875,0.952367,0.929247,0.971856,0.880492,0.980952,240,0.97814,0.969126,0.983211,0.014085,0.975511,0.963326,0.985727,0.936448,0.990385,0.001926,240,0.001923,240,0.496094,240,120.5,240,0.999749,240,0.106484,240
22,25,240,False,native,240,0.957647,0.940808,0.965741,0.024934,0.952406,0.927739,0.971885,0.878899,0.979774,240,0.978365,0.969501,0.982572,0.013071,0.975528,0.962515,0.985742,0.935547,0.989784,0.002197,240,0.002121,240,0.496094,240,120.5,240,,0,0.106596,240
22,30,240,False,native,240,0.959376,0.94357,0.967484,0.023914,0.953649,0.927571,0.97244,0.87124,0.982723,240,0.979267,0.970966,0.983474,0.012508,0.976178,0.962425,0.986028,0.93119,0.991286,0.002319,240,0.00235,240,0.480469,240,118.0,240,0.99975,240,0.106759,240
22,35,240,False,native,240,0.960963,0.946982,0.968357,0.021376,0.955491,0.927878,0.972733,0.887959,0.980658,240,0.980093,0.972769,0.983924,0.011155,0.97716,0.96259,0.986178,0.940655,0.990234,0.002434,240,0.00248,240,0.470703,240,116.0,240,,0,0.107069,240
22,40,240,False,native,240,0.962264,0.946412,0.968648,0.022236,0.957338,0.93539,0.97361,0.901171,0.980658,240,0.980769,0.972468,0.984075,0.011606,0.978143,0.966617,0.986629,0.948017,0.990234,0.002625,240,0.002663,240,0.455078,240,108.5,240,0.999748,240,0.107269,240
22,45,240,False,native,240,0.965161,0.951334,0.970397,0.019063,0.960821,0.941912,0.974195,0.920092,0.980363,240,0.982272,0.97506,0.984976,0.009916,0.979975,0.970087,0.986929,0.958383,0.990084,0.0028,240,0.002838,240,0.423828,240,96.0,240,,0,0.107596,240
23,0,240,False,native,240,0.933198,0.917879,0.959881,0.042002,0.934127,0.892791,0.97247,0.867565,0.977715,240,0.965445,0.957181,0.97953,0.022348,0.965719,0.943359,0.986043,0.929087,0.988732,0.0,240,0.0,240,0.667969,240,161.0,240,0.999633,240,0.106352,240
23,5,240,False,native,240,0.953625,0.933689,0.968066,0.034377,0.94365,0.913991,0.975103,0.748818,0.982427,240,0.976262,0.965708,0.983774,0.018066,0.970547,0.955063,0.987395,0.85637,0.991136,0.002243,240,0.002319,240,0.541016,240,115.0,240,,0,0.106611,240
23,10,240,False,native,240,0.951334,0.935728,0.967848,0.03212,0.944444,0.913138,0.974225,0.746523,0.982723,240,0.97506,0.966797,0.983661,0.016864,0.971004,0.954597,0.986944,0.854868,0.991286,0.001881,240,0.001984,240,0.552734,240,121.5,240,0.999755,240,0.10685,240
23,15,240,False,native,240,0.952336,0.936221,0.968357,0.032137,0.945098,0.914487,0.974781,0.768332,0.982132,240,0.975586,0.96706,0.983924,0.016864,0.971402,0.955334,0.98723,0.86899,0.990986,0.001728,240,0.001583,240,0.546875,240,123.5,240,,0,0.10693,240
23,20,240,False,native,240,0.952765,0.935939,0.968066,0.032127,0.945816,0.912561,0.97484,0.781346,0.983609,240,0.975811,0.96691,0.983774,0.016864,0.971841,0.954282,0.98726,0.877254,0.991737,0.001751,240,0.001015,240,0.541016,240,122.0,240,0.999745,240,0.106975,240
23,25,240,False,native,240,0.954055,0.936502,0.968576,0.032073,0.946209,0.913331,0.97566,0.786366,0.980952,240,0.976487,0.96721,0.984037,0.016827,0.972068,0.954703,0.98768,0.880409,0.990385,0.002151,240,0.002098,240,0.542969,240,117.0,240,,0,0.107061,240
23,30,240,False,native,240,0.952479,0.938194,0.96843,0.030236,0.946832,0.915368,0.973961,0.789247,0.983018,240,0.975661,0.968111,0.983962,0.01585,0.972411,0.955814,0.986809,0.882212,0.991436,0.001774,240,0.001968,240,0.541016,240,122.0,240,0.999734,240,0.107071,240
23,35,240,False,native,240,0.953052,0.939535,0.967775,0.02824,0.947491,0.912891,0.97481,0.804528,0.982427,240,0.975962,0.968825,0.983624,0.014799,0.972796,0.954462,0.987245,0.891677,0.991136,0.002068,240,0.002144,240,0.548828,240,115.5,240,,0,0.107133,240
23,40,240,False,native,240,0.953195,0.941303,0.968066,0.026763,0.948825,0.920065,0.973318,0.824061,0.980952,240,0.976037,0.969764,0.983774,0.01401,0.973546,0.958368,0.986478,0.903546,0.990385,0.002113,240,0.002167,240,0.539062,240,119.0,240,0.999738,240,0.107276,240
23,45,240,False,native,240,0.954916,0.942436,0.96763,0.025194,0.951093,0.925063,0.973025,0.857402,0.979774,240,0.976938,0.970365,0.983549,0.013184,0.974802,0.961073,0.986328,0.923227,0.989784,0.00222,240,0.002174,240,0.521484,240,109.5,240,,0,0.107628,240
24,0,240,False,native,240,0.963567,0.953267,0.970397,0.01713,0.962429,0.947879,0.975103,0.92732,0.991622,240,0.981445,0.976074,0.984976,0.008902,0.980821,0.973242,0.987395,0.96229,0.995793,0.003273,240,0.003113,240,0.443359,240,111.5,240,0.99971,240,0.106804,240
24,5,240,False,native,240,0.966613,0.955993,0.97361,0.017617,0.96297,0.943046,0.977715,0.901714,0.983609,240,0.983023,0.977502,0.986629,0.009127,0.981078,0.970688,0.988732,0.948317,0.991737,0.002762,240,0.002769,240,0.408203,240,89.0,240,,0,0.10835,240
24,10,240,False,native,240,0.967194,0.957863,0.973025,0.015162,0.96369,0.94617,0.977451,0.904162,0.983609,240,0.983323,0.978478,0.986328,0.00785,0.981461,0.972341,0.988597,0.949669,0.991737,0.002747,240,0.002808,240,0.400391,240,78.0,240,0.999765,240,0.109145,240
24,15,240,False,native,240,0.967194,0.957647,0.972221,0.014574,0.96392,0.945346,0.976863,0.912919,0.982427,240,0.983323,0.978365,0.985915,0.00755,0.981587,0.971905,0.988296,0.954477,0.991136,0.002762,240,0.002716,240,0.402344,240,77.0,240,,0,0.109513,240
24,20,240,False,native,240,0.96763,0.959592,0.973025,0.013433,0.964855,0.947594,0.977421,0.916775,0.981542,240,0.983549,0.97938,0.986328,0.006949,0.982076,0.973092,0.988582,0.956581,0.990685,0.002792,240,0.0028,240,0.398438,240,76.0,240,0.999768,240,0.109594,240
24,25,240,False,native,240,0.967775,0.959953,0.972733,0.01278,0.964918,0.947908,0.97657,0.926483,0.980952,240,0.983624,0.979567,0.986178,0.006611,0.982113,0.973257,0.988146,0.961839,0.990385,0.002762,240,0.002747,240,0.402344,240,75.5,240,,0,0.109431,240
24,30,240,False,native,240,0.968066,0.960963,0.973318,0.012354,0.965541,0.948107,0.975954,0.931795,0.981837,240,0.983774,0.980093,0.986478,0.006385,0.982439,0.973362,0.987831,0.964694,0.990835,0.002823,240,0.002823,240,0.390625,240,73.5,240,0.999761,240,0.109388,240
24,35,240,False,native,240,0.96894,0.96306,0.973098,0.010038,0.966371,0.951162,0.976247,0.935446,0.984792,240,0.984225,0.981182,0.986366,0.005183,0.982873,0.97497,0.987981,0.966647,0.992338,0.002838,240,0.002869,240,0.386719,240,75.5,240,,0,0.109395,240
24,40,240,False,native,240,0.969814,0.96306,0.97361,0.01055,0.967113,0.951563,0.976247,0.939394,0.98835,240,0.984675,0.981182,0.986629,0.005446,0.983259,0.97518,0.987981,0.96875,0.994141,0.00293,240,0.00296,240,0.378906,240,71.5,240,0.999758,240,0.109138,240
24,45,240,False,native,240,0.96894,0.964001,0.973025,0.009024,0.967802,0.956755,0.975954,0.945914,0.984792,240,0.984225,0.981671,0.986328,0.004657,0.983623,0.9779,0.987831,0.972206,0.992338,0.003006,240,0.003075,240,0.382812,240,69.0,240,,0,0.109077,240
25,0,240,False,native,240,0.948336,0.92363,0.966322,0.042692,0.943122,0.899814,0.987162,0.829828,0.99192,240,0.973483,0.960299,0.982873,0.022574,0.970428,0.947266,0.99354,0.907001,0.995944,0.0,240,0.0,240,0.578125,240,144.0,240,0.999679,240,0.105843,240
25,5,240,False,native,240,0.960963,0.939677,0.973683,0.034007,0.954198,0.922422,0.978038,0.854297,0.986273,240,0.980093,0.9689,0.986666,0.017766,0.976403,0.959645,0.988897,0.921424,0.993089,0.002266,240,0.00222,240,0.466797,240,112.0,240,,0,0.109197,240
25,10,240,False,native,240,0.961252,0.944351,0.971856,0.027505,0.955661,0.927571,0.977715,0.873874,0.986866,240,0.980243,0.971379,0.985727,0.014348,0.977204,0.962425,0.988732,0.932692,0.993389,0.002266,240,0.002457,240,0.457031,240,103.0,240,0.999796,240,0.109387,240
25,15,240,False,native,240,0.96183,0.945914,0.971637,0.025723,0.956349,0.931095,0.976922,0.885552,0.986866,240,0.980544,0.972206,0.985614,0.013409,0.97758,0.964318,0.988326,0.939303,0.993389,0.002342,240,0.002335,240,0.460938,240,109.5,240,,0,0.109529,240
25,20,240,False,native,240,0.960819,0.946483,0.972148,0.025665,0.957079,0.934434,0.976276,0.877574,0.985088,240,0.980018,0.972506,0.985877,0.013371,0.977975,0.966106,0.987996,0.934796,0.992488,0.002289,240,0.002335,240,0.46875,240,112.0,240,0.999801,240,0.109539,240
25,25,240,False,native,240,0.959953,0.946982,0.970105,0.023123,0.957396,0.936826,0.975367,0.895756,0.983905,240,0.979567,0.972769,0.984826,0.012057,0.978158,0.967383,0.98753,0.945012,0.991887,0.002258,240,0.002319,240,0.474609,240,106.5,240,,0,0.109566,240
25,30,240,False,native,240,0.959953,0.949833,0.970688,0.020855,0.958204,0.939366,0.976247,0.90389,0.9842,240,0.979567,0.974271,0.985126,0.010855,0.97859,0.968735,0.987981,0.949519,0.992037,0.002281,240,0.002335,240,0.488281,240,110.5,240,0.999805,240,0.109652,240
25,35,240,False,native,240,0.960819,0.951406,0.970178,0.018772,0.959591,0.940468,0.975367,0.913468,0.982132,240,0.980018,0.975098,0.984863,0.009766,0.979329,0.969321,0.98753,0.954778,0.990986,0.002258,240,0.002274,240,0.478516,240,104.5,240,,0,0.109607,240
25,40,240,False,native,240,0.961397,0.953052,0.97047,0.017418,0.96051,0.945033,0.976247,0.918709,0.983905,240,0.980319,0.975962,0.985014,0.009052,0.979816,0.97174,0.987981,0.957632,0.991887,0.002235,240,0.002335,240,0.460938,240,102.5,240,0.999799,240,0.109516,240
25,45,240,False,native,240,0.964001,0.956137,0.970761,0.014625,0.962648,0.949876,0.97569,0.926483,0.982132,240,0.981671,0.977577,0.985164,0.007587,0.980937,0.974294,0.987695,0.961839,0.990986,0.002472,240,0.002548,240,0.433594,240,97.5,240,,0,0.109619,240
26,0,240,False,native,240,0.940242,0.913468,0.951119,0.037651,0.933408,0.897729,0.971272,0.853781,0.980068,240,0.969201,0.954778,0.974947,0.02017,0.965343,0.946109,0.985427,0.921124,0.989934,0.0,240,0.0,240,0.65625,240,160.0,240,0.999528,240,0.108664,240
26,5,240,False,native,240,0.951334,0.935728,0.964363,0.028636,0.947943,0.92145,0.970134,0.874138,0.980952,240,0.97506,0.966797,0.981858,0.015062,0.973166,0.95912,0.984841,0.932843,0.990385,0.002266,240,0.002243,240,0.558594,240,125.0,240,,0,0.107034,240
26,10,240,False,native,240,0.957215,0.941303,0.966322,0.025019,0.951733,0.923866,0.971272,0.890909,0.976247,240,0.97814,0.969764,0.982873,0.013108,0.975175,0.960427,0.985427,0.942308,0.987981,0.00235,240,0.002426,240,0.496094,240,116.0,240,0.999778,240,0.107798,240
26,15,240,False,native,240,0.958944,0.943074,0.966903,0.023829,0.953412,0.928605,0.971564,0.897918,0.97948,240,0.979041,0.970703,0.983173,0.01247,0.976065,0.962981,0.985577,0.946214,0.989633,0.002434,240,0.002441,240,0.484375,240,115.0,240,,0,0.107753,240
26,20,240,False,native,240,0.961108,0.94563,0.967848,0.022218,0.955564,0.933422,0.97247,0.9009,0.978597,240,0.980168,0.972055,0.983661,0.011606,0.977205,0.965565,0.986043,0.947867,0.989183,0.002388,240,0.002457,240,0.472656,240,111.0,240,0.99979,240,0.107424,240
26,25,240,False,native,240,0.960963,0.947053,0.968357,0.021304,0.956026,0.934321,0.972762,0.900086,0.977421,240,0.980093,0.972806,0.983924,0.011118,0.977448,0.966046,0.986193,0.947416,0.988582,0.002388,240,0.002419,240,0.460938,240,109.0,240,,0,0.107271,240
26,30,240,False,native,240,0.960675,0.946768,0.968721,0.021953,0.956531,0.93449,0.972207,0.901986,0.977421,240,0.979943,0.972656,0.984112,0.011456,0.977715,0.966136,0.985907,0.948468,0.988582,0.002419,240,0.002487,240,0.470703,240,105.0,240,0.999787,240,0.107092,240
26,35,240,False,native,240,0.961252,0.946982,0.969012,0.022031,0.956607,0.934462,0.972177,0.907163,0.981247,240,0.980243,0.972769,0.984262,0.011493,0.977755,0.966121,0.985892,0.951322,0.990535,0.002472,240,0.002502,240,0.464844,240,105.5,240,,0,0.106906,240
26,40,240,False,native,240,0.961975,0.946768,0.969522,0.022754,0.957178,0.935418,0.972733,0.9099,0.981542,240,0.980619,0.972656,0.984525,0.011869,0.978054,0.966632,0.986178,0.952825,0.990685,0.002518,240,0.002487,240,0.460938,240,101.0,240,0.99978,240,0.106851,240
26,45,240,False,native,240,0.961686,0.948763,0.968648,0.019885,0.957196,0.935137,0.971856,0.903074,0.978597,240,0.980469,0.973708,0.984075,0.010367,0.978072,0.966481,0.985727,0.949069,0.989183,0.002426,240,0.002472,240,0.460938,240,100.5,240,,0,0.107048,240
27,0,240,False,native,240,0.932356,0.911271,0.950476,0.039206,0.927203,0.880757,0.959376,0.846069,0.97244,240,0.964994,0.953576,0.974609,0.021034,0.96195,0.936599,0.979267,0.916617,0.986028,0.0,240,0.0,240,0.6875,240,138.0,240,0.99918,240,0.10428,240
27,5,240,False,native,240,0.944777,0.930604,0.956065,0.025461,0.941863,0.916388,0.962611,0.885552,0.973318,240,0.971605,0.964055,0.977539,0.013484,0.969967,0.95637,0.98095,0.939303,0.986478,0.002502,240,0.002518,240,0.595703,240,110.5,240,,0,0.105447,240
27,10,240,False,native,240,0.948763,0.931445,0.959376,0.027931,0.944321,0.919041,0.96638,0.87361,0.975954,240,0.973708,0.964506,0.979267,0.014761,0.971243,0.957813,0.982903,0.932542,0.987831,0.002472,240,0.002472,240,0.5625,240,106.0,240,0.999644,240,0.105187,240
27,15,240,False,native,240,0.95162,0.931725,0.962264,0.030539,0.945912,0.917023,0.967804,0.868351,0.978303,240,0.97521,0.964656,0.980769,0.016113,0.972083,0.956716,0.983639,0.929537,0.989032,0.002457,240,0.00248,240,0.554688,240,97.5,240,,0,0.104771,240
27,20,240,False,native,240,0.952479,0.931165,0.963711,0.032547,0.946868,0.917796,0.969231,0.87678,0.978891,240,0.975661,0.964355,0.98152,0.017165,0.972591,0.957136,0.984375,0.934345,0.989333,0.002502,240,0.002586,240,0.539062,240,99.0,240,0.999655,240,0.104342,240
27,25,240,False,native,240,0.954055,0.932005,0.965524,0.033518,0.947825,0.915919,0.970426,0.894677,0.97948,240,0.976487,0.964806,0.982459,0.017653,0.973092,0.956115,0.984991,0.944411,0.989633,0.002525,240,0.002701,240,0.533203,240,94.0,240,,0,0.10417,240
27,30,240,False,native,240,0.954055,0.931445,0.966685,0.03524,0.948282,0.913991,0.971593,0.886889,0.978891,240,0.976487,0.964506,0.98306,0.018555,0.973324,0.955063,0.985592,0.940054,0.989333,0.002747,240,0.002686,240,0.525391,240,93.0,240,0.999641,240,0.103957,240
27,35,240,False,native,240,0.953338,0.931165,0.967775,0.036611,0.947933,0.912534,0.972733,0.890909,0.979185,240,0.976112,0.964355,0.983624,0.019268,0.973126,0.954267,0.986178,0.942308,0.989483,0.002602,240,0.002632,240,0.527344,240,94.0,240,,0,0.103574,240
27,40,240,False,native,240,0.952479,0.929485,0.968721,0.039236,0.947727,0.914542,0.973054,0.886354,0.980658,240,0.975661,0.963454,0.984112,0.020658,0.973011,0.955364,0.986343,0.939754,0.990234,0.002655,240,0.002663,240,0.542969,240,93.0,240,0.999639,240,0.103161,240
27,45,240,False,native,240,0.949905,0.928367,0.969522,0.041155,0.947198,0.914239,0.973932,0.875458,0.981247,240,0.974309,0.962853,0.984525,0.021672,0.972729,0.955198,0.986794,0.933594,0.990535,0.002472,240,0.002487,240,0.558594,240,91.0,240,,0,0.102556,240
28,0,240,False,native,240,0.918156,0.896769,0.940242,0.043473,0.910448,0.824311,0.96894,0.750888,0.992218,240,0.957332,0.945575,0.969201,0.023625,0.952331,0.903696,0.984225,0.857722,0.996094,0.002518,240,0.002548,240,0.783203,240,105.0,240,0.998907,240,0.100988,240
28,5,240,False,native,240,0.930254,0.911545,0.953768,0.042223,0.92403,0.876992,0.96319,0.770684,0.991324,240,0.963867,0.953726,0.976337,0.022611,0.959917,0.934465,0.98125,0.870493,0.995643,0.002632,240,0.002701,240,0.693359,240,93.0,240,,0,0.100216,240
28,10,240,False,native,240,0.9377,0.91643,0.956856,0.040426,0.929294,0.897785,0.96432,0.782778,0.992814,240,0.967849,0.956393,0.977952,0.021559,0.962803,0.946139,0.981836,0.878155,0.996394,0.002716,240,0.002747,240,0.638672,240,92.0,240,0.999254,240,0.0999,240
28,15,240,False,native,240,0.944351,0.922588,0.960241,0.037653,0.932811,0.899409,0.967514,0.782539,0.993113,240,0.971379,0.959736,0.979718,0.019982,0.9647,0.94704,0.983489,0.878005,0.996544,0.002655,240,0.002808,240,0.595703,240,92.0,240,,0,0.099872,240
28,20,240,False,native,240,0.948763,0.925508,0.961108,0.0356,0.93519,0.897108,0.969231,0.79021,0.992516,240,0.973708,0.961313,0.980168,0.018855,0.965966,0.945763,0.984375,0.882812,0.996244,0.002808,240,0.002831,240,0.576172,240,91.5,240,0.999387,240,0.100181,240
28,25,240,False,native,240,0.952765,0.925299,0.963132,0.037833,0.937099,0.898596,0.970688,0.788526,0.995503,240,0.975811,0.9612,0.98122,0.02002,0.966975,0.94659,0.985126,0.881761,0.997746,0.002869,240,0.002838,240,0.544922,240,90.0,240,,0,0.100037,240
28,30,240,False,native,240,0.953195,0.926692,0.964871,0.038178,0.938223,0.899903,0.972148,0.790932,0.994307,240,0.976037,0.961952,0.982121,0.02017,0.967567,0.947311,0.985877,0.883263,0.997145,0.002884,240,0.002869,240,0.542969,240,91.0,240,0.999452,240,0.099856,240
28,35,240,False,native,240,0.95664,0.928158,0.966322,0.038164,0.939989,0.903673,0.972207,0.790932,0.996101,240,0.97784,0.96274,0.982873,0.020132,0.9685,0.949399,0.985907,0.883263,0.998047,0.00293,240,0.002945,240,0.503906,240,90.0,240,,0,0.099728,240
28,40,240,False,native,240,0.957791,0.928926,0.968139,0.039213,0.941634,0.908366,0.975367,0.796976,0.994307,240,0.978441,0.963154,0.983812,0.020658,0.969376,0.951983,0.98753,0.887019,0.997145,0.00293,240,0.002945,240,0.492188,240,88.0,240,0.999526,240,0.099571,240
28,45,240,False,native,240,0.960097,0.929205,0.968357,0.039152,0.942595,0.913056,0.974195,0.797462,0.993113,240,0.979642,0.963304,0.983924,0.02062,0.969913,0.954552,0.986929,0.88732,0.996544,0.002968,240,0.002975,240,0.470703,240,86.5,240,,0,0.099325,240
29,0,240,False,native,240,0.934462,0.907095,0.950262,0.043167,0.930399,0.877045,0.991622,0.794312,0.998199,240,0.966121,0.951285,0.974497,0.023212,0.963523,0.934495,0.995793,0.885367,0.999099,0.002411,240,0.002457,240,0.693359,240,97.5,240,0.999164,240,0.102438,240
29,5,240,False,native,240,0.945772,0.916016,0.960025,0.044009,0.935881,0.887665,0.967804,0.856107,0.97948,240,0.97213,0.956167,0.979605,0.023438,0.966615,0.94049,0.983639,0.922476,0.989633,0.002777,240,0.002739,240,0.603516,240,100.0,240,,0,0.104734,240
29,10,240,False,native,240,0.948478,0.924047,0.963711,0.039664,0.940168,0.889541,0.968357,0.865732,0.977421,240,0.973558,0.960524,0.98152,0.020996,0.968921,0.941541,0.983924,0.928035,0.988582,0.002716,240,0.002731,240,0.585938,240,98.5,240,0.999558,240,0.10437,240
29,15,240,False,native,240,0.951191,0.929975,0.963784,0.033809,0.941839,0.889943,0.969231,0.859478,0.974195,240,0.974985,0.963717,0.981558,0.017841,0.969822,0.941767,0.984375,0.924429,0.986929,0.002655,240,0.002655,240,0.552734,240,97.0,240,,0,0.104059,240
29,20,240,False,native,240,0.952908,0.933338,0.962626,0.029288,0.942766,0.895109,0.968969,0.86286,0.974781,240,0.975886,0.96552,0.980957,0.015437,0.970326,0.944651,0.98424,0.926382,0.98723,0.002609,240,0.002609,240,0.541016,240,94.5,240,0.999552,240,0.103337,240
29,25,240,False,native,240,0.952622,0.933619,0.963567,0.029948,0.94383,0.892038,0.968969,0.859997,0.977421,240,0.975736,0.96567,0.981445,0.015775,0.970895,0.942939,0.98424,0.92473,0.988582,0.002609,240,0.002609,240,0.544922,240,95.0,240,,0,0.103094,240
29,30,240,False,native,240,0.955347,0.9339,0.964363,0.030463,0.945197,0.895109,0.970105,0.865732,0.977421,240,0.977163,0.96582,0.981858,0.016038,0.971622,0.944651,0.984826,0.928035,0.988582,0.002579,240,0.002579,240,0.519531,240,94.5,240,0.999552,240,0.102793,240
29,35,240,False,native,240,0.957647,0.933408,0.965814,0.032405,0.946839,0.898568,0.97133,0.862339,0.977715,240,0.978365,0.965557,0.98261,0.017052,0.972493,0.946575,0.985457,0.926082,0.988732,0.002693,240,0.002686,240,0.503906,240,92.5,240,,0,0.102417,240
29,40,240,False,native,240,0.959664,0.936854,0.967848,0.030994,0.949424,0.905444,0.972177,0.865994,0.978597,240,0.979417,0.967398,0.983661,0.016264,0.973872,0.950376,0.985892,0.928185,0.989183,0.002808,240,0.002785,240,0.478516,240,92.5,240,0.999557,240,0.101453,240
29,45,240,False,native,240,0.96183,0.939041,0.970397,0.031356,0.951974,0.913056,0.973639,0.869138,0.983609,240,0.980544,0.968562,0.984976,0.016414,0.975227,0.954552,0.986644,0.929988,0.991737,0.003006,240,0.002968,240,0.449219,240,87.0,240,,0,0.099562,240
