timestep,sparsity,routing_precision,retained_fraction,n,insufficient_n,native_or_simulated,n_jaccard,jaccard_median,jaccard_q1,jaccard_q3,jaccard_iqr,jaccard_mean,jaccard_p10,jaccard_p90,jaccard_min,jaccard_max,n_recall,recall_median,recall_q1,recall_q3,recall_iqr,recall_mean,recall_p10,recall_p90,recall_min,recall_max,decision_margin_reference_median,n_decision_margin_reference,decision_margin_candidate_median,n_decision_margin_candidate,frac_query_blocks_changed_median,n_frac_query_blocks_changed,boundary_ties_median,n_boundary_ties,spearman_rho_median,n_spearman_rho,sat_frac_q_median,n_sat_frac_q
0,0.8,fp8_e4m3,0.2,720,False,simulated,720,0.98955,0.984048,0.99267,0.008621,0.98657,0.975471,0.994033,0.906856,0.996895,720,0.994747,0.99196,0.996321,0.004361,0.993216,0.987583,0.997008,0.951153,0.998445,0.0,720,0.0,720,0.472656,720,149.0,720,0.999948,720,1e-06,720
0,0.8,nvfp4,0.2,720,False,native,720,0.975316,0.966642,0.980769,0.014127,0.971662,0.954488,0.984063,0.897593,0.991691,720,0.987504,0.983038,0.990291,0.007253,0.98558,0.976714,0.991968,0.946033,0.995828,0.0,720,0.0,720,0.824219,720,149.0,720,0.99968,720,0.106455,720
0,0.8,nvfp4_sim,0.2,720,False,simulated,720,0.975242,0.96666,0.980862,0.014202,0.9717,0.954054,0.98428,0.899096,0.992143,720,0.987466,0.983048,0.990339,0.007291,0.9856,0.976487,0.992078,0.946867,0.996056,0.0,720,0.0,720,0.820312,720,149.0,720,0.999678,720,0.106295,720
0,0.9,fp8_e4m3,0.1,720,False,simulated,720,0.984496,0.974452,0.989538,0.015087,0.980398,0.963263,0.991935,0.9073,0.997599,720,0.992188,0.987061,0.994742,0.007681,0.990058,0.981288,0.995951,0.951397,0.998798,0.0,720,0.0,720,0.367188,720,134.0,720,0.999948,720,1e-06,720
0,0.9,nvfp4,0.1,720,False,native,720,0.964726,0.953589,0.973756,0.020167,0.960792,0.935545,0.979774,0.851847,0.991026,720,0.982046,0.976243,0.986704,0.01046,0.979905,0.966699,0.989784,0.919997,0.995493,0.0,720,0.0,720,0.699219,720,132.0,720,0.99968,720,0.106455,720
0,0.9,nvfp4_sim,0.1,720,False,simulated,720,0.964726,0.953302,0.973756,0.020454,0.960749,0.93577,0.979332,0.851847,0.990877,720,0.982046,0.976093,0.986704,0.010611,0.979883,0.966819,0.989558,0.919997,0.995418,0.0,720,0.0,720,0.695312,720,133.0,720,0.999678,720,0.106295,720
1,0.8,fp8_e4m3,0.2,720,False,simulated,720,0.990676,0.985916,0.993121,0.007205,0.988038,0.978072,0.994335,0.877194,0.997198,720,0.995316,0.992908,0.996549,0.003641,0.993963,0.988915,0.997159,0.93458,0.998597,0.0,720,0.0,720,0.433594,720,135.0,720,,0,1e-06,720
1,0.8,nvfp4,0.2,720,False,native,720,0.977056,0.968422,0.982333,0.013911,0.973158,0.956504,0.985318,0.876392,0.991616,720,0.988395,0.983958,0.991088,0.00713,0.986345,0.977769,0.992605,0.934125,0.99579,0.0,720,0.0,720,0.800781,720,136.5,720,,0,0.106758,720
1,0.8,nvfp4_sim,0.2,720,False,simulated,720,0.976908,0.968404,0.982333,0.013929,0.973161,0.956504,0.9854,0.87686,0.991842,720,0.988319,0.983948,0.991088,0.007139,0.986347,0.977769,0.992646,0.93439,0.995904,0.0,720,0.0,720,0.802734,720,134.5,720,,0,0.106591,720
1,0.9,fp8_e4m3,0.1,720,False,simulated,720,0.985902,0.97867,0.990431,0.01176,0.982143,0.967601,0.992814,0.861428,0.9967,720,0.992901,0.98922,0.995192,0.005972,0.990946,0.983534,0.996394,0.925556,0.998347,0.001293,720,0.001305,720,0.34375,720,124.0,720,,0,1e-06,720
1,0.9,nvfp4,0.1,720,False,native,720,0.967266,0.95646,0.975257,0.018797,0.962501,0.936812,0.980952,0.834367,0.991026,720,0.983361,0.977746,0.987474,0.009728,0.980779,0.967375,0.990385,0.909706,0.995493,0.001293,720,0.001244,720,0.671875,720,123.0,720,,0,0.106758,720
1,0.9,nvfp4_sim,0.1,720,False,simulated,720,0.967194,0.956352,0.975367,0.019015,0.962519,0.937235,0.980952,0.835125,0.990877,720,0.983323,0.977689,0.98753,0.009841,0.980789,0.967601,0.990385,0.910156,0.995418,0.001293,720,0.001217,720,0.671875,720,124.0,720,,0,0.106591,720
2,0.8,fp8_e4m3,0.2,720,False,simulated,720,0.991766,0.987937,0.993724,0.005787,0.989766,0.982773,0.994712,0.91844,0.997046,720,0.995866,0.993932,0.996852,0.00292,0.994845,0.991311,0.997349,0.957486,0.998521,0.000702,720,0.00078,720,0.390625,720,123.0,720,,0,1e-06,720
2,0.8,nvfp4,0.2,720,False,native,720,0.979097,0.971366,0.983974,0.012608,0.975758,0.960002,0.986739,0.885988,0.991992,720,0.989438,0.985475,0.991922,0.006447,0.987688,0.979593,0.993325,0.939548,0.99598,0.000702,720,0.000597,720,0.765625,720,126.0,720,,0,0.106816,720
2,0.8,nvfp4_sim,0.2,720,False,simulated,720,0.979022,0.971347,0.983899,0.012552,0.97574,0.96033,0.986814,0.885718,0.991992,720,0.9894,0.985465,0.991884,0.006419,0.987679,0.979763,0.993363,0.939396,0.99598,0.000702,720,0.00065,720,0.763672,720,126.0,720,,0,0.10663,720
2,0.9,fp8_e4m3,0.1,720,False,simulated,720,0.987459,0.980658,0.991324,0.010666,0.984033,0.971272,0.993113,0.865602,0.997,720,0.99369,0.990234,0.995643,0.005409,0.991917,0.985427,0.996544,0.92796,0.998498,0.001503,720,0.001511,720,0.3125,720,115.0,720,,0,1e-06,720
2,0.9,nvfp4,0.1,720,False,native,720,0.969304,0.958511,0.97845,0.019939,0.965373,0.942649,0.983609,0.825312,0.992069,720,0.984413,0.978816,0.989108,0.010291,0.982272,0.970478,0.991737,0.904297,0.996019,0.001503,720,0.001564,720,0.640625,720,114.0,720,,0,0.106816,720
2,0.9,nvfp4_sim,0.1,720,False,simulated,720,0.969376,0.958511,0.97845,0.019939,0.965323,0.942507,0.983609,0.823312,0.992218,720,0.98445,0.978816,0.989108,0.010291,0.982246,0.970403,0.991737,0.903095,0.996094,0.001503,720,0.001553,720,0.644531,720,113.5,720,,0,0.10663,720
3,0.8,fp8_e4m3,0.2,720,False,simulated,720,0.991917,0.988462,0.993875,0.005413,0.990012,0.983212,0.994856,0.92812,0.996668,720,0.995942,0.994198,0.996928,0.002731,0.99497,0.991535,0.997421,0.96272,0.998331,0.000881,720,0.000843,720,0.382812,720,123.0,720,,0,1e-06,720
3,0.8,nvfp4,0.2,720,False,native,720,0.979951,0.972379,0.984197,0.011818,0.976284,0.961321,0.986964,0.895547,0.992143,720,0.989874,0.985996,0.992036,0.00604,0.987959,0.980279,0.993439,0.944895,0.996056,0.000881,720,0.000904,720,0.746094,720,121.5,720,,0,0.106646,720
3,0.8,nvfp4_sim,0.2,720,False,simulated,720,0.979988,0.972306,0.984197,0.011892,0.976256,0.961708,0.987038,0.89541,0.991766,720,0.989893,0.985958,0.992036,0.006077,0.987945,0.98048,0.993477,0.944819,0.995866,0.000881,720,0.000883,720,0.746094,720,121.5,720,,0,0.106477,720
3,0.9,fp8_e4m3,0.1,720,False,simulated,720,0.987459,0.981247,0.991324,0.010077,0.984329,0.971418,0.99371,0.864426,0.9967,720,0.99369,0.990535,0.995643,0.005108,0.992066,0.985502,0.996845,0.927284,0.998347,0.001499,720,0.001492,720,0.308594,720,114.0,720,,0,1e-06,720
3,0.9,nvfp4,0.1,720,False,native,720,0.970105,0.958799,0.978781,0.019981,0.965931,0.941926,0.983757,0.822313,0.991175,720,0.984826,0.978966,0.989277,0.01031,0.982564,0.970095,0.991812,0.902494,0.995568,0.001499,720,0.001587,720,0.640625,720,112.0,720,,0,0.106646,720
3,0.9,nvfp4_sim,0.1,720,False,simulated,720,0.970032,0.958655,0.978744,0.020089,0.965932,0.943173,0.983772,0.821565,0.991473,720,0.984788,0.978891,0.989258,0.010367,0.982564,0.970756,0.991819,0.902043,0.995718,0.001499,720,0.001617,720,0.636719,720,111.5,720,,0,0.106477,720
4,0.8,fp8_e4m3,0.2,720,False,simulated,720,0.99218,0.988893,0.993875,0.004982,0.990351,0.983451,0.995089,0.935905,0.997349,720,0.996075,0.994416,0.996928,0.002513,0.995143,0.991657,0.997539,0.966892,0.998673,0.000965,720,0.000938,720,0.371094,720,118.0,720,,0,1e-06,720
4,0.8,nvfp4,0.2,720,False,native,720,0.980249,0.972545,0.984496,0.011951,0.976613,0.961671,0.987488,0.893573,0.991766,720,0.990026,0.986082,0.992188,0.006106,0.988128,0.980461,0.993704,0.943796,0.995866,0.000965,720,0.000977,720,0.742188,720,119.0,720,,0,0.106688,720
4,0.8,nvfp4_sim,0.2,720,False,simulated,720,0.980174,0.972619,0.984496,0.011877,0.976583,0.961598,0.987196,0.893437,0.991616,720,0.989988,0.98612,0.992188,0.006068,0.988112,0.980423,0.993557,0.94372,0.99579,0.000965,720,0.000927,720,0.742188,720,120.0,720,,0,0.106509,720
4,0.9,fp8_e4m3,0.1,720,False,simulated,720,0.987756,0.98169,0.991622,0.009932,0.984751,0.973888,0.99356,0.87124,0.99685,720,0.99384,0.99076,0.995793,0.005033,0.992283,0.986771,0.99677,0.93119,0.998422,0.001587,720,0.001625,720,0.302734,720,111.5,720,,0,1e-06,720
4,0.9,nvfp4,0.1,720,False,native,720,0.970105,0.959376,0.979627,0.020251,0.966528,0.943897,0.984511,0.828571,0.991622,720,0.984826,0.979267,0.989709,0.010442,0.982874,0.971139,0.992195,0.90625,0.995793,0.001587,720,0.001617,720,0.632812,720,110.5,720,,0,0.106688,720
4,0.9,nvfp4_sim,0.1,720,False,simulated,720,0.970178,0.959484,0.979369,0.019885,0.966517,0.943457,0.984644,0.828195,0.991324,720,0.984863,0.979323,0.989577,0.010254,0.982868,0.970906,0.992263,0.906025,0.995643,0.001587,720,0.001637,720,0.632812,720,110.0,720,,0,0.106509,720
5,0.8,fp8_e4m3,0.2,720,False,simulated,720,0.992143,0.988987,0.9938,0.004813,0.990361,0.983876,0.995006,0.935905,0.996668,720,0.996056,0.994463,0.99689,0.002427,0.995148,0.991873,0.997497,0.966892,0.998331,0.000992,720,0.000984,720,0.375,720,118.0,720,,0,1e-06,720
5,0.8,nvfp4,0.2,720,False,native,720,0.980323,0.972748,0.984496,0.011748,0.97674,0.961584,0.987345,0.894525,0.992293,720,0.990064,0.986186,0.992188,0.006002,0.988193,0.980416,0.993632,0.944326,0.996132,0.000992,720,0.000996,720,0.736328,720,115.0,720,,0,0.106465,720
5,0.8,nvfp4_sim,0.2,720,False,simulated,720,0.980323,0.972601,0.984496,0.011895,0.976697,0.96154,0.987338,0.894117,0.991616,720,0.990064,0.98611,0.992188,0.006077,0.988172,0.980393,0.993629,0.944099,0.99579,0.000992,720,0.000992,720,0.738281,720,116.0,720,,0,0.106278,720
5,0.9,fp8_e4m3,0.1,720,False,simulated,720,0.987756,0.981837,0.991622,0.009785,0.984925,0.973391,0.993859,0.868875,0.99685,720,0.99384,0.990835,0.995793,0.004958,0.992374,0.986516,0.99692,0.929838,0.998422,0.001625,720,0.001652,720,0.300781,720,111.0,720,,0,1e-06,720
5,0.9,nvfp4,0.1,720,False,native,720,0.970543,0.959773,0.97948,0.019707,0.966664,0.943641,0.985103,0.822189,0.991473,720,0.985051,0.979473,0.989633,0.01016,0.982945,0.971004,0.992495,0.902419,0.995718,0.001625,720,0.00164,720,0.628906,720,109.0,720,,0,0.106465,720
5,0.9,nvfp4_sim,0.1,720,False,simulated,720,0.970397,0.959809,0.979332,0.019524,0.966674,0.943925,0.985088,0.821316,0.991473,720,0.984976,0.979492,0.989558,0.010066,0.982951,0.971154,0.992488,0.901893,0.995718,0.001625,720,0.001602,720,0.625,720,110.0,720,,0,0.106278,720
6,0.8,fp8_e4m3,0.2,720,False,simulated,720,0.992256,0.989212,0.994101,0.004889,0.990544,0.983899,0.995157,0.954054,0.997198,720,0.996113,0.994577,0.997042,0.002465,0.995241,0.991884,0.997573,0.976487,0.998597,0.000992,720,0.000956,720,0.371094,720,116.0,720,,0,1e-06,720
6,0.8,nvfp4,0.2,720,False,native,720,0.980472,0.973191,0.984515,0.011324,0.976814,0.960883,0.987196,0.890721,0.992293,720,0.99014,0.986413,0.992197,0.005784,0.988232,0.980052,0.993557,0.942203,0.996132,0.000992,720,0.000965,720,0.734375,720,119.0,720,,0,0.106396,720
6,0.8,nvfp4_sim,0.2,720,False,simulated,720,0.980397,0.972988,0.984589,0.011601,0.976785,0.961007,0.987113,0.890789,0.992368,720,0.990102,0.986309,0.992235,0.005926,0.988217,0.980116,0.993515,0.942241,0.99617,0.000992,720,0.000984,720,0.740234,720,117.5,720,,0,0.106221,720
6,0.9,fp8_e4m3,0.1,720,False,simulated,720,0.988127,0.982538,0.991622,0.009084,0.985173,0.97301,0.994008,0.904435,0.997299,720,0.994028,0.991192,0.995793,0.004601,0.992501,0.986321,0.996995,0.94982,0.998648,0.001617,720,0.001656,720,0.294922,720,107.5,720,,0,1e-06,720
6,0.9,nvfp4,0.1,720,False,native,720,0.971126,0.960097,0.979516,0.019419,0.967085,0.944209,0.985384,0.823312,0.992665,720,0.985352,0.979642,0.989652,0.01001,0.983164,0.971304,0.992638,0.903095,0.996319,0.001617,720,0.001656,720,0.617188,720,109.0,720,,0,0.106396,720
6,0.9,nvfp4_sim,0.1,720,False,simulated,720,0.971272,0.960494,0.979627,0.019133,0.967062,0.943925,0.985547,0.822688,0.99192,720,0.985427,0.979849,0.989709,0.00986,0.983152,0.971154,0.992721,0.902719,0.995944,0.001617,720,0.001659,720,0.625,720,110.5,720,,0,0.106221,720
7,0.8,fp8_e4m3,0.2,720,False,simulated,720,0.992218,0.989512,0.99395,0.004438,0.990596,0.984265,0.995006,0.941464,0.997046,720,0.996094,0.994728,0.996966,0.002238,0.995267,0.99207,0.997497,0.96985,0.998521,0.000999,720,0.000999,720,0.371094,720,118.0,720,,0,1e-06,720
7,0.8,nvfp4,0.2,720,False,native,720,0.98062,0.973413,0.98472,0.011308,0.976925,0.960665,0.987263,0.891196,0.99267,720,0.990215,0.986527,0.992301,0.005774,0.988289,0.979938,0.993591,0.942468,0.996321,0.000999,720,0.000999,720,0.734375,720,118.0,720,,0,0.106279,720
7,0.8,nvfp4_sim,0.2,720,False,simulated,720,0.98062,0.973339,0.98472,0.011381,0.976909,0.960665,0.987196,0.890789,0.992368,720,0.990215,0.986489,0.992301,0.005812,0.98828,0.979938,0.993557,0.942241,0.99617,0.000999,720,0.000992,720,0.730469,720,118.0,720,,0,0.106101,720
7,0.9,fp8_e4m3,0.1,720,False,simulated,720,0.988424,0.982575,0.991622,0.009047,0.985214,0.974181,0.99371,0.869663,0.997749,720,0.994178,0.991211,0.995793,0.004582,0.992519,0.986922,0.996845,0.930288,0.998873,0.001659,720,0.001686,720,0.289062,720,107.0,720,,0,1e-06,720
7,0.9,nvfp4,0.1,720,False,native,720,0.971345,0.960386,0.979774,0.019388,0.967097,0.943556,0.985562,0.811896,0.992218,720,0.985464,0.979793,0.989784,0.009991,0.983168,0.970959,0.992728,0.896184,0.996094,0.001659,720,0.001686,720,0.621094,720,107.5,720,,0,0.106279,720
7,0.9,nvfp4_sim,0.1,720,False,simulated,720,0.971126,0.960241,0.979774,0.019532,0.967077,0.943343,0.985532,0.811773,0.992367,720,0.985352,0.979718,0.989784,0.010066,0.983158,0.970846,0.992713,0.896109,0.996169,0.001659,720,0.001701,720,0.617188,720,106.0,720,,0,0.106101,720
8,0.8,fp8_e4m3,0.2,720,False,simulated,720,0.992293,0.98955,0.99395,0.004401,0.990655,0.984272,0.995157,0.951234,0.997198,720,0.996132,0.994747,0.996966,0.002219,0.995297,0.992074,0.997573,0.975008,0.998597,0.001003,720,0.000969,720,0.371094,720,115.0,720,,0,1e-06,720
8,0.8,nvfp4,0.2,720,False,native,720,0.980844,0.973727,0.984795,0.011068,0.977068,0.961234,0.987413,0.891671,0.991541,720,0.990329,0.986688,0.992339,0.005651,0.988362,0.980234,0.993667,0.942734,0.995752,0.001003,720,0.000977,720,0.728516,720,117.0,720,,0,0.106219,720
8,0.8,nvfp4_sim,0.2,720,False,simulated,720,0.980806,0.97356,0.98487,0.011309,0.977029,0.96127,0.987413,0.891467,0.991616,720,0.99031,0.986603,0.992377,0.005774,0.988342,0.980253,0.993667,0.94262,0.99579,0.001003,720,0.000929,720,0.734375,720,117.0,720,,0,0.106037,720
8,0.9,fp8_e4m3,0.1,720,False,simulated,720,0.988201,0.982538,0.991659,0.009121,0.985292,0.973742,0.994008,0.885552,0.997449,720,0.994066,0.991192,0.995812,0.00462,0.99256,0.986696,0.996995,0.939303,0.998723,0.001656,720,0.001678,720,0.292969,720,106.5,720,,0,1e-06,720
8,0.9,nvfp4,0.1,720,False,native,720,0.971856,0.96053,0.979774,0.019244,0.967382,0.944053,0.985976,0.808696,0.991622,720,0.985727,0.979868,0.989784,0.009916,0.983318,0.971221,0.992939,0.894231,0.995793,0.001656,720,0.001686,720,0.607422,720,106.5,720,,0,0.106219,720
8,0.9,nvfp4_sim,0.1,720,False,simulated,720,0.971856,0.960205,0.97948,0.019274,0.967339,0.944096,0.985991,0.808573,0.992069,720,0.985727,0.979699,0.989633,0.009935,0.983294,0.971244,0.992946,0.894156,0.996019,0.001656,720,0.001671,720,0.607422,720,107.0,720,,0,0.106037,720
9,0.8,fp8_e4m3,0.2,720,False,simulated,720,0.992218,0.989869,0.99395,0.004082,0.990757,0.984489,0.995157,0.950296,0.9975,720,0.996094,0.994909,0.996966,0.002057,0.995349,0.992184,0.997573,0.974515,0.998748,0.000969,720,0.000984,720,0.371094,720,115.0,720,,0,1e-06,720
9,0.8,nvfp4,0.2,720,False,native,720,0.980546,0.973468,0.984645,0.011177,0.977065,0.960592,0.987345,0.891603,0.991992,720,0.990177,0.986556,0.992263,0.005708,0.988361,0.9799,0.993632,0.942696,0.99598,0.000969,720,0.000992,720,0.730469,720,114.0,720,,0,0.106154,720
9,0.8,nvfp4_sim,0.2,720,False,simulated,720,0.980583,0.973579,0.98472,0.011141,0.977044,0.960446,0.987263,0.89106,0.992143,720,0.990196,0.986613,0.992301,0.005689,0.98835,0.979824,0.993591,0.942392,0.996056,0.000969,720,0.001007,720,0.738281,720,115.5,720,,0,0.10597,720
9,0.9,fp8_e4m3,0.1,720,False,simulated,720,0.98835,0.983129,0.991473,0.008344,0.98544,0.973756,0.994158,0.883951,0.99715,720,0.994141,0.991493,0.995718,0.004226,0.992636,0.986704,0.99707,0.938401,0.998573,0.001633,720,0.001671,720,0.289062,720,106.0,720,,0,1e-06,720
9,0.9,nvfp4,0.1,720,False,native,720,0.972148,0.960205,0.97948,0.019274,0.967412,0.944195,0.985695,0.803183,0.992218,720,0.985877,0.979699,0.989633,0.009935,0.983333,0.971297,0.992796,0.89085,0.996094,0.001633,720,0.001663,720,0.605469,720,106.0,720,,0,0.106154,720
9,0.9,nvfp4_sim,0.1,720,False,simulated,720,0.971856,0.960205,0.979406,0.019201,0.96738,0.944578,0.985384,0.802817,0.992218,720,0.985727,0.979699,0.989596,0.009897,0.983317,0.971499,0.992638,0.890625,0.996094,0.001633,720,0.001678,720,0.613281,720,106.0,720,,0,0.10597,720
10,0.8,fp8_e4m3,0.2,720,False,simulated,720,0.992218,0.989737,0.993894,0.004156,0.990758,0.984414,0.995082,0.950368,0.997273,720,0.996094,0.994842,0.996938,0.002095,0.995351,0.992146,0.997535,0.974552,0.998635,0.000999,720,0.001015,720,0.375,720,115.0,720,0.999964,720,1e-06,720
10,0.8,nvfp4,0.2,720,False,native,720,0.980769,0.973339,0.984571,0.011232,0.977082,0.961175,0.987413,0.894117,0.992444,720,0.990291,0.986489,0.992225,0.005736,0.98837,0.980203,0.993667,0.944099,0.996208,0.000999,720,0.000984,720,0.730469,720,116.0,720,0.999748,720,0.106117,720
10,0.8,nvfp4_sim,0.2,720,False,simulated,720,0.980695,0.973265,0.984496,0.011231,0.977061,0.961095,0.987413,0.893369,0.992218,720,0.990253,0.986451,0.992188,0.005736,0.988359,0.980162,0.993667,0.943682,0.996094,0.000999,720,0.000999,720,0.730469,720,116.0,720,0.999747,720,0.105934,720
10,0.9,fp8_e4m3,0.1,720,False,simulated,720,0.988498,0.983166,0.99192,0.008754,0.98561,0.974181,0.994173,0.900764,0.997749,720,0.994216,0.991511,0.995944,0.004432,0.992724,0.986922,0.997078,0.947791,0.998873,0.001686,720,0.001694,720,0.285156,720,105.0,720,0.999964,720,1e-06,720
10,0.9,nvfp4,0.1,720,False,native,720,0.97244,0.959953,0.979811,0.019858,0.967548,0.945005,0.985976,0.809802,0.992069,720,0.986028,0.979567,0.989802,0.010235,0.983404,0.971725,0.992939,0.894907,0.996019,0.001686,720,0.001743,720,0.601562,720,105.5,720,0.999748,720,0.106117,720
10,0.9,nvfp4_sim,0.1,720,False,simulated,720,0.972367,0.96035,0.979774,0.019424,0.967533,0.945061,0.985828,0.810171,0.992367,720,0.98599,0.979774,0.989784,0.01001,0.983396,0.971755,0.992864,0.895132,0.996169,0.001686,720,0.001709,720,0.603516,720,104.0,720,0.999747,720,0.105934,720
11,0.8,fp8_e4m3,0.2,720,False,simulated,720,0.992368,0.989794,0.993875,0.004081,0.99085,0.98472,0.995157,0.956736,0.997198,720,0.99617,0.994871,0.996928,0.002057,0.995397,0.992301,0.997573,0.97789,0.998597,0.000984,720,0.000992,720,0.371094,720,114.0,720,,0,1e-06,720
11,0.8,nvfp4,0.2,720,False,native,720,0.980583,0.9738,0.984571,0.01077,0.977127,0.961584,0.987278,0.896501,0.991917,720,0.990196,0.986726,0.992225,0.005499,0.988394,0.980416,0.993598,0.945426,0.995942,0.000984,720,0.000992,720,0.730469,720,112.0,720,,0,0.106038,720
11,0.8,nvfp4_sim,0.2,720,False,simulated,720,0.980509,0.97356,0.984571,0.01101,0.977107,0.961241,0.987353,0.896092,0.992218,720,0.990159,0.986603,0.992225,0.005622,0.988383,0.980237,0.993636,0.945199,0.996094,0.000984,720,0.000992,720,0.730469,720,114.0,720,,0,0.10586,720
11,0.9,fp8_e4m3,0.1,720,False,simulated,720,0.988498,0.983018,0.991771,0.008753,0.985625,0.974635,0.994307,0.898595,0.997599,720,0.994216,0.991436,0.995868,0.004432,0.992732,0.987154,0.997145,0.94659,0.998798,0.001678,720,0.001747,720,0.287109,720,105.0,720,,0,1e-06,720
11,0.9,nvfp4,0.1,720,False,native,720,0.972879,0.960386,0.979921,0.019535,0.96772,0.946313,0.985828,0.807468,0.992218,720,0.986253,0.979793,0.989859,0.010066,0.983492,0.972416,0.992864,0.89348,0.996094,0.001678,720,0.001709,720,0.601562,720,106.0,720,,0,0.106038,720
11,0.9,nvfp4_sim,0.1,720,False,simulated,720,0.972879,0.960241,0.979921,0.01968,0.967717,0.946156,0.985976,0.80759,0.992516,720,0.986253,0.979718,0.989859,0.010141,0.98349,0.972333,0.992939,0.893555,0.996244,0.001678,720,0.001698,720,0.597656,720,105.0,720,,0,0.10586,720
12,0.8,fp8_e4m3,0.2,720,False,simulated,720,0.992293,0.9897,0.994045,0.004345,0.990907,0.985161,0.994931,0.956882,0.997803,720,0.996132,0.994823,0.997013,0.00219,0.995426,0.992525,0.997459,0.977966,0.9989,0.000999,720,0.000984,720,0.371094,720,114.5,720,,0,1e-06,720
12,0.8,nvfp4,0.2,720,False,native,720,0.980546,0.974114,0.984571,0.010456,0.977166,0.962891,0.987495,0.897047,0.991691,720,0.990177,0.986888,0.992225,0.005338,0.988414,0.981095,0.993708,0.94573,0.995828,0.000999,720,0.001015,720,0.734375,720,112.5,720,,0,0.105956,720
12,0.8,nvfp4_sim,0.2,720,False,simulated,720,0.980472,0.973727,0.984515,0.010788,0.977122,0.962562,0.987278,0.896501,0.991842,720,0.99014,0.986688,0.992197,0.005509,0.988391,0.980924,0.993598,0.945426,0.995904,0.000999,720,0.000999,720,0.736328,720,113.0,720,,0,0.105778,720
12,0.9,fp8_e4m3,0.1,720,False,simulated,720,0.988647,0.983277,0.991622,0.008345,0.985722,0.974635,0.994307,0.89306,0.99715,720,0.994291,0.991568,0.995793,0.004226,0.992781,0.987154,0.997145,0.94351,0.998573,0.001732,720,0.001694,720,0.28125,720,106.5,720,,0,1e-06,720
12,0.9,nvfp4,0.1,720,False,native,720,0.972952,0.96035,0.979664,0.019314,0.967785,0.946185,0.986288,0.804405,0.991622,720,0.986291,0.979774,0.989727,0.009953,0.983526,0.972348,0.993096,0.891602,0.995793,0.001732,720,0.001705,720,0.595703,720,105.0,720,,0,0.105956,720
12,0.9,nvfp4_sim,0.1,720,False,simulated,720,0.972806,0.960241,0.979958,0.019716,0.967753,0.946725,0.985843,0.805262,0.991324,720,0.986215,0.979718,0.989878,0.01016,0.983509,0.972634,0.992871,0.892127,0.995643,0.001732,720,0.001701,720,0.599609,720,104.0,720,,0,0.105778,720
13,0.8,fp8_e4m3,0.2,720,False,simulated,720,0.992368,0.989587,0.993875,0.004288,0.990966,0.985535,0.994931,0.953836,0.997046,720,0.99617,0.994766,0.996928,0.002162,0.995457,0.992715,0.997459,0.976373,0.998521,0.000984,720,0.000977,720,0.365234,720,112.0,720,,0,1e-06,720
13,0.8,nvfp4,0.2,720,False,native,720,0.980472,0.973911,0.984496,0.010585,0.977235,0.962766,0.987196,0.901287,0.991917,720,0.99014,0.986783,0.992188,0.005404,0.98845,0.98103,0.993557,0.948081,0.995942,0.000984,720,0.000984,720,0.730469,720,113.0,720,,0,0.105943,720
13,0.8,nvfp4_sim,0.2,720,False,simulated,720,0.980509,0.973653,0.984496,0.010843,0.977197,0.962832,0.987113,0.90115,0.991541,720,0.990159,0.98665,0.992188,0.005537,0.988431,0.981064,0.993515,0.948005,0.995752,0.000984,720,0.001007,720,0.734375,720,114.0,720,,0,0.105772,720
13,0.9,fp8_e4m3,0.1,720,False,simulated,720,0.988498,0.983313,0.99192,0.008606,0.985871,0.974767,0.994457,0.888629,0.99715,720,0.994216,0.991587,0.995944,0.004357,0.992857,0.987222,0.997221,0.941031,0.998573,0.00174,720,0.001732,720,0.285156,720,105.0,720,,0,1e-06,720
13,0.9,nvfp4,0.1,720,False,native,720,0.973171,0.960638,0.980105,0.019467,0.967807,0.946611,0.98568,0.808081,0.991622,720,0.986403,0.979924,0.989953,0.010029,0.983538,0.972574,0.992788,0.893855,0.995793,0.00174,720,0.001705,720,0.59375,720,106.0,720,,0,0.105943,720
13,0.9,nvfp4_sim,0.1,720,False,simulated,720,0.973318,0.96053,0.980216,0.019686,0.967806,0.946597,0.98568,0.808081,0.991175,720,0.986478,0.979868,0.990009,0.010141,0.983537,0.972566,0.992788,0.893855,0.995568,0.00174,720,0.001709,720,0.591797,720,105.0,720,,0,0.105772,720
14,0.8,fp8_e4m3,0.2,720,False,simulated,720,0.992444,0.989812,0.99395,0.004138,0.991008,0.985393,0.995006,0.955793,0.997273,720,0.996208,0.99488,0.996966,0.002086,0.995477,0.992643,0.997497,0.977397,0.998635,0.000992,720,0.000999,720,0.367188,720,113.0,720,,0,1e-06,720
14,0.8,nvfp4,0.2,720,False,native,720,0.980583,0.974022,0.984496,0.010474,0.977231,0.962927,0.987428,0.901973,0.992218,720,0.990196,0.98684,0.992188,0.005347,0.988449,0.981113,0.993674,0.94846,0.996094,0.000992,720,0.000984,720,0.730469,720,114.0,720,,0,0.105962,720
14,0.8,nvfp4_sim,0.2,720,False,simulated,720,0.980472,0.974022,0.984571,0.010549,0.977198,0.962854,0.987413,0.90211,0.992218,720,0.99014,0.98684,0.992225,0.005385,0.988432,0.981076,0.993667,0.948536,0.996094,0.000992,720,0.000992,720,0.730469,720,112.0,720,,0,0.105788,720
14,0.9,fp8_e4m3,0.1,720,False,simulated,720,0.988498,0.983572,0.991771,0.008199,0.985892,0.97506,0.994158,0.912506,0.997599,720,0.994216,0.991718,0.995868,0.00415,0.99287,0.987372,0.99707,0.954252,0.998798,0.001755,720,0.00177,720,0.285156,720,104.5,720,,0,1e-06,720
14,0.9,nvfp4,0.1,720,False,native,720,0.972587,0.960386,0.980253,0.019867,0.967842,0.948121,0.985695,0.804895,0.991473,720,0.986103,0.979793,0.990028,0.010235,0.983556,0.97337,0.992796,0.891902,0.995718,0.001755,720,0.001709,720,0.597656,720,105.0,720,,0,0.105962,720
14,0.9,nvfp4_sim,0.1,720,False,simulated,720,0.97244,0.960638,0.980253,0.019614,0.96788,0.947879,0.985532,0.805017,0.991175,720,0.986028,0.979924,0.990028,0.010104,0.983575,0.973242,0.992713,0.891977,0.995568,0.001755,720,0.001743,720,0.597656,720,106.0,720,,0,0.105788,720
15,0.8,fp8_e4m3,0.2,720,False,simulated,720,0.992368,0.990038,0.993875,0.003837,0.990994,0.985542,0.995006,0.957753,0.997122,720,0.99617,0.994994,0.996928,0.001934,0.995471,0.992718,0.997497,0.978421,0.998559,0.000999,720,0.000992,720,0.367188,720,112.0,720,,0,1e-06,720
15,0.8,nvfp4,0.2,720,False,native,720,0.98036,0.974299,0.984421,0.010122,0.977218,0.962635,0.987263,0.908098,0.992143,720,0.990083,0.986982,0.99215,0.005167,0.988443,0.980962,0.993591,0.951836,0.996056,0.000999,720,0.000977,720,0.738281,720,114.0,720,,0,0.105951,720
15,0.8,nvfp4_sim,0.2,720,False,simulated,720,0.980397,0.974392,0.984421,0.01003,0.977198,0.963008,0.987263,0.908029,0.992218,720,0.990102,0.98703,0.99215,0.00512,0.988432,0.981155,0.993591,0.951798,0.996094,0.000999,720,0.001007,720,0.736328,720,113.0,720,,0,0.105782,720
15,0.9,fp8_e4m3,0.1,720,False,simulated,720,0.988944,0.98372,0.99192,0.0082,0.985969,0.975074,0.994307,0.911545,0.998199,720,0.994441,0.991793,0.995944,0.00415,0.992907,0.98738,0.997145,0.953726,0.999099,0.00177,720,0.001747,720,0.277344,720,104.0,720,,0,1e-06,720
15,0.9,nvfp4,0.1,720,False,native,720,0.973171,0.961072,0.980253,0.019181,0.96796,0.947266,0.985547,0.810418,0.993262,720,0.986403,0.980149,0.990028,0.009878,0.983618,0.972919,0.992721,0.895282,0.99662,0.00177,720,0.00177,720,0.589844,720,105.0,720,,0,0.105951,720
15,0.9,nvfp4_sim,0.1,720,False,simulated,720,0.973171,0.961216,0.9804,0.019184,0.967944,0.946868,0.985547,0.810541,0.992814,720,0.986403,0.980225,0.990103,0.009878,0.98361,0.972709,0.992721,0.895358,0.996394,0.00177,720,0.001766,720,0.585938,720,105.0,720,,0,0.105782,720
16,0.8,fp8_e4m3,0.2,720,False,simulated,720,0.992293,0.990038,0.993875,0.003837,0.991034,0.986208,0.994931,0.961248,0.997273,720,0.996132,0.994994,0.996928,0.001934,0.995491,0.993056,0.997459,0.980241,0.998635,0.000969,720,0.000977,720,0.367188,720,113.0,720,,0,1e-06,720
16,0.8,nvfp4,0.2,720,False,native,720,0.980546,0.974392,0.984365,0.009974,0.977201,0.962606,0.987638,0.909756,0.992368,720,0.990177,0.98703,0.992121,0.005091,0.988435,0.980947,0.99378,0.952746,0.99617,0.000969,720,0.000977,720,0.730469,720,113.0,720,,0,0.105924,720
16,0.8,nvfp4_sim,0.2,720,False,simulated,720,0.980546,0.974225,0.984421,0.010196,0.977167,0.962328,0.987712,0.909687,0.992594,720,0.990177,0.986944,0.99215,0.005205,0.988417,0.980802,0.993818,0.952708,0.996283,0.000969,720,0.000977,720,0.734375,720,113.0,720,,0,0.105762,720
16,0.9,fp8_e4m3,0.1,720,False,simulated,720,0.988795,0.983757,0.991771,0.008014,0.986191,0.975954,0.994322,0.910585,0.997899,720,0.994366,0.991812,0.995868,0.004056,0.993022,0.987831,0.997153,0.9532,0.998948,0.00177,720,0.001785,720,0.277344,720,104.0,720,,0,1e-06,720
16,0.9,nvfp4,0.1,720,False,native,720,0.972879,0.960602,0.9804,0.019797,0.967959,0.946882,0.985532,0.81771,0.991622,720,0.986253,0.979905,0.990103,0.010198,0.98362,0.972716,0.992713,0.899715,0.995793,0.00177,720,0.001785,720,0.59375,720,104.0,720,,0,0.105924,720
16,0.9,nvfp4_sim,0.1,720,False,simulated,720,0.972806,0.960891,0.980363,0.019472,0.967979,0.946754,0.98568,0.817834,0.991622,720,0.986215,0.980056,0.990084,0.010029,0.98363,0.972649,0.992788,0.89979,0.995793,0.00177,720,0.001785,720,0.59375,720,104.0,720,,0,0.105762,720
17,0.8,fp8_e4m3,0.2,720,False,simulated,720,0.992293,0.989963,0.993875,0.003912,0.991069,0.985991,0.994931,0.957681,0.997122,720,0.996132,0.994956,0.996928,0.001972,0.995509,0.992946,0.997459,0.978383,0.998559,0.000977,720,0.000984,720,0.371094,720,112.0,720,,0,1e-06,720
17,0.8,nvfp4,0.2,720,False,native,720,0.980434,0.973782,0.984347,0.010565,0.977182,0.962744,0.987345,0.91322,0.992444,720,0.990121,0.986717,0.992112,0.005395,0.988426,0.981019,0.993632,0.954642,0.996208,0.000977,720,0.000992,720,0.738281,720,113.0,720,,0,0.105842,720
17,0.8,nvfp4_sim,0.2,720,False,simulated,720,0.980472,0.97356,0.984272,0.010712,0.977151,0.963,0.987263,0.913428,0.992368,720,0.99014,0.986603,0.992074,0.005471,0.98841,0.981151,0.993591,0.954756,0.99617,0.000977,720,0.000969,720,0.738281,720,113.0,720,,0,0.10568,720
17,0.9,fp8_e4m3,0.1,720,False,simulated,720,0.988647,0.984052,0.992069,0.008016,0.986254,0.976379,0.994173,0.909078,0.99715,720,0.994291,0.991962,0.996019,0.004056,0.993054,0.988048,0.997078,0.952374,0.998573,0.001785,720,0.00177,720,0.285156,720,103.0,720,,0,1e-06,720
17,0.9,nvfp4,0.1,720,False,native,720,0.973537,0.961216,0.980547,0.019331,0.968153,0.94701,0.985547,0.820693,0.99192,720,0.986591,0.980225,0.990178,0.009953,0.983721,0.972784,0.992721,0.901517,0.995944,0.001785,720,0.001732,720,0.583984,720,105.0,720,,0,0.105842,720
17,0.9,nvfp4_sim,0.1,720,False,simulated,720,0.973171,0.960963,0.980842,0.019878,0.968133,0.947024,0.985695,0.820196,0.991771,720,0.986403,0.980093,0.990328,0.010235,0.98371,0.972791,0.992796,0.901217,0.995868,0.001785,720,0.00174,720,0.585938,720,105.0,720,,0,0.10568,720
18,0.8,fp8_e4m3,0.2,720,False,simulated,720,0.992293,0.990019,0.99395,0.003931,0.991104,0.986357,0.995082,0.95848,0.997273,720,0.996132,0.994984,0.996966,0.001982,0.995527,0.993132,0.997535,0.9788,0.998635,0.000977,720,0.000969,720,0.371094,720,111.0,720,,0,1e-06,720
18,0.8,nvfp4,0.2,720,False,native,720,0.980472,0.973653,0.984496,0.010843,0.977181,0.963,0.987338,0.914331,0.992594,720,0.99014,0.98665,0.992188,0.005537,0.988426,0.981151,0.993629,0.955249,0.996283,0.000977,720,0.000996,720,0.738281,720,111.5,720,,0,0.10577,720
18,0.8,nvfp4_sim,0.2,720,False,simulated,720,0.980472,0.973487,0.984421,0.010935,0.977146,0.963351,0.987345,0.91454,0.992444,720,0.99014,0.986565,0.99215,0.005584,0.988408,0.981333,0.993632,0.955363,0.996208,0.000977,720,0.000992,720,0.738281,720,112.0,720,,0,0.105607,720
18,0.9,fp8_e4m3,0.1,720,False,simulated,720,0.988795,0.9842,0.992069,0.007869,0.986293,0.976526,0.994307,0.910037,0.99685,720,0.994366,0.992037,0.996019,0.003981,0.993074,0.988123,0.997145,0.9529,0.998422,0.00174,720,0.001785,720,0.28125,720,104.0,720,,0,1e-06,720
18,0.9,nvfp4,0.1,720,False,native,720,0.973464,0.961397,0.980694,0.019298,0.968265,0.948007,0.98568,0.820818,0.992218,720,0.986553,0.980319,0.990253,0.009935,0.983781,0.97331,0.992788,0.901593,0.996094,0.00174,720,0.001762,720,0.585938,720,103.0,720,,0,0.10577,720
18,0.9,nvfp4_sim,0.1,720,False,simulated,720,0.973318,0.961108,0.980805,0.019697,0.968278,0.947751,0.985399,0.820071,0.992069,720,0.986478,0.980168,0.990309,0.010141,0.983788,0.973175,0.992646,0.901142,0.996019,0.00174,720,0.001747,720,0.589844,720,103.0,720,,0,0.105607,720
19,0.8,fp8_e4m3,0.2,720,False,simulated,720,0.992218,0.990038,0.99395,0.003913,0.991072,0.986357,0.995006,0.954488,0.997349,720,0.996094,0.994994,0.996966,0.001972,0.99551,0.993132,0.997497,0.976714,0.998673,0.000996,720,0.000957,720,0.371094,720,112.0,720,,0,1e-06,720
19,0.8,nvfp4,0.2,720,False,native,720,0.980472,0.973357,0.98444,0.011083,0.977231,0.963731,0.987638,0.917673,0.99282,720,0.99014,0.986499,0.992159,0.00566,0.988452,0.981531,0.99378,0.957069,0.996397,0.000996,720,0.000969,720,0.734375,720,112.5,720,,0,0.105745,720
19,0.8,nvfp4_sim,0.2,720,False,simulated,720,0.980323,0.973394,0.984515,0.011121,0.97719,0.963804,0.987563,0.917742,0.99282,720,0.990064,0.986518,0.992197,0.005679,0.988431,0.981569,0.993742,0.957107,0.996397,0.000996,720,0.000977,720,0.736328,720,113.5,720,,0,0.105577,720
19,0.9,fp8_e4m3,0.1,720,False,simulated,720,0.988795,0.984163,0.99192,0.007756,0.986336,0.975514,0.994158,0.907983,0.997449,720,0.994366,0.992018,0.995944,0.003925,0.993096,0.987605,0.99707,0.951773,0.998723,0.001747,720,0.001747,720,0.28125,720,103.0,720,,0,1e-06,720
19,0.9,nvfp4,0.1,720,False,native,720,0.973098,0.961108,0.980694,0.019587,0.968337,0.947167,0.985547,0.819449,0.991771,720,0.986366,0.980168,0.990253,0.010085,0.98382,0.972867,0.992721,0.900766,0.995868,0.001747,720,0.001766,720,0.591797,720,104.0,720,,0,0.105745,720
19,0.9,nvfp4_sim,0.1,720,False,simulated,720,0.973171,0.961108,0.980805,0.019697,0.968348,0.947024,0.985532,0.818952,0.992367,720,0.986403,0.980168,0.990309,0.010141,0.983825,0.972791,0.992713,0.900466,0.996169,0.001747,720,0.001793,720,0.589844,720,103.5,720,,0,0.105577,720
20,0.8,fp8_e4m3,0.2,720,False,simulated,720,0.992218,0.990038,0.9938,0.003762,0.99108,0.986051,0.995006,0.957753,0.997349,720,0.996094,0.994994,0.99689,0.001896,0.995514,0.992976,0.997497,0.978421,0.998673,0.000977,720,0.000969,720,0.373047,720,111.5,720,0.999965,720,1e-06,720
20,0.8,nvfp4,0.2,720,False,native,720,0.980249,0.973431,0.984739,0.011308,0.977195,0.963658,0.987338,0.920816,0.99267,720,0.990026,0.986537,0.992311,0.005774,0.988434,0.981493,0.993629,0.958776,0.996321,0.000977,720,0.001007,720,0.738281,720,112.0,720,0.999754,720,0.105686,720
20,0.8,nvfp4_sim,0.2,720,False,simulated,720,0.9801,0.973542,0.984589,0.011048,0.977175,0.963585,0.987563,0.921306,0.993046,720,0.98995,0.986594,0.992235,0.005641,0.988424,0.981455,0.993742,0.959041,0.996511,0.000977,720,0.00098,720,0.738281,720,114.0,720,0.999751,720,0.105525,720
20,0.9,fp8_e4m3,0.1,720,False,simulated,720,0.988647,0.984163,0.991957,0.007794,0.986227,0.975338,0.994158,0.91857,0.997899,720,0.994291,0.992018,0.995962,0.003944,0.993042,0.987515,0.99707,0.957557,0.998948,0.001789,720,0.001766,720,0.28125,720,104.0,720,0.999965,720,1e-06,720
20,0.9,nvfp4,0.1,720,False,native,720,0.973025,0.960386,0.980658,0.020272,0.968372,0.948036,0.985532,0.823312,0.992814,720,0.986328,0.979793,0.990234,0.010442,0.983838,0.973325,0.992713,0.903095,0.996394,0.001789,720,0.001785,720,0.589844,720,104.0,720,0.999754,720,0.105686,720
20,0.9,nvfp4_sim,0.1,720,False,simulated,720,0.973244,0.96053,0.980805,0.020275,0.968405,0.947623,0.985547,0.823187,0.99356,720,0.986441,0.979868,0.990309,0.010442,0.983855,0.973107,0.992721,0.90302,0.99677,0.001789,720,0.001778,720,0.589844,720,103.0,720,0.999751,720,0.105525,720
21,0.8,fp8_e4m3,0.2,720,False,simulated,720,0.992218,0.989888,0.993724,0.003837,0.991103,0.986814,0.994931,0.95514,0.997803,720,0.996094,0.994918,0.996852,0.001934,0.995527,0.993363,0.997459,0.977056,0.9989,0.000965,720,0.000946,720,0.371094,720,113.0,720,,0,1e-06,720
21,0.8,nvfp4,0.2,720,False,native,720,0.980063,0.972822,0.98472,0.011898,0.977146,0.963578,0.987263,0.921166,0.993724,720,0.989931,0.986224,0.992301,0.006077,0.988409,0.981451,0.993591,0.958965,0.996852,0.000965,720,0.000973,720,0.736328,720,113.0,720,,0,0.105653,720
21,0.8,nvfp4_sim,0.2,720,False,simulated,720,0.979951,0.972674,0.984589,0.011915,0.977076,0.963797,0.987128,0.921376,0.9938,720,0.989874,0.986148,0.992235,0.006087,0.988374,0.981565,0.993522,0.959079,0.99689,0.000965,720,0.000973,720,0.738281,720,115.0,720,,0,0.105491,720
21,0.9,fp8_e4m3,0.1,720,False,simulated,720,0.988795,0.984348,0.99192,0.007572,0.986401,0.97566,0.994307,0.918017,0.997749,720,0.994366,0.992112,0.995944,0.003831,0.993132,0.98768,0.997145,0.957257,0.998873,0.001762,720,0.001774,720,0.28125,720,103.0,720,,0,1e-06,720
21,0.9,nvfp4,0.1,720,False,native,720,0.973391,0.960783,0.98051,0.019727,0.968454,0.947665,0.985384,0.823312,0.992516,720,0.986516,0.979999,0.990159,0.01016,0.983881,0.97313,0.992638,0.903095,0.996244,0.001762,720,0.001808,720,0.585938,720,103.5,720,,0,0.105653,720
21,0.9,nvfp4_sim,0.1,720,False,simulated,720,0.973537,0.960783,0.980658,0.019875,0.96844,0.947281,0.985532,0.823437,0.992516,720,0.986591,0.979999,0.990234,0.010235,0.983873,0.972927,0.992713,0.90317,0.996244,0.001762,720,0.001801,720,0.585938,720,104.0,720,,0,0.105491,720
22,0.8,fp8_e4m3,0.2,720,False,simulated,720,0.992218,0.989963,0.993724,0.003762,0.991097,0.986806,0.994931,0.954633,0.997424,720,0.996094,0.994956,0.996852,0.001896,0.995524,0.993359,0.997459,0.97679,0.998711,0.000973,720,0.000923,720,0.371094,720,115.0,720,,0,1e-06,720
22,0.8,nvfp4,0.2,720,False,native,720,0.980063,0.972841,0.984795,0.011954,0.977075,0.963651,0.987263,0.923268,0.993046,720,0.989931,0.986233,0.992339,0.006106,0.988374,0.981489,0.993591,0.960103,0.996511,0.000973,720,0.000948,720,0.738281,720,115.0,720,,0,0.105594,720
22,0.8,nvfp4_sim,0.2,720,False,simulated,720,0.980026,0.97273,0.984739,0.012009,0.977062,0.963724,0.987338,0.922917,0.992971,720,0.989912,0.986176,0.992311,0.006134,0.988367,0.981527,0.993629,0.959914,0.996473,0.000973,720,0.000927,720,0.734375,720,116.0,720,,0,0.105431,720
22,0.9,fp8_e4m3,0.1,720,False,simulated,720,0.988944,0.983757,0.992069,0.008312,0.98661,0.97654,0.994307,0.9194,0.998049,720,0.994441,0.991812,0.996019,0.004207,0.993238,0.988131,0.997145,0.958008,0.999023,0.00177,720,0.001774,720,0.277344,720,104.0,720,,0,1e-06,720
22,0.9,nvfp4,0.1,720,False,native,720,0.973318,0.960675,0.980842,0.020167,0.968587,0.947594,0.985695,0.823437,0.993262,720,0.986478,0.979943,0.990328,0.010385,0.98395,0.973092,0.992796,0.90317,0.99662,0.00177,720,0.001705,720,0.591797,720,102.0,720,,0,0.105594,720
22,0.9,nvfp4_sim,0.1,720,False,simulated,720,0.973171,0.960747,0.980805,0.020058,0.968572,0.94691,0.985695,0.823936,0.992814,720,0.986403,0.97998,0.990309,0.010329,0.983943,0.972731,0.992796,0.903471,0.996394,0.00177,720,0.00174,720,0.59375,720,104.5,720,,0,0.105431,720
23,0.8,fp8_e4m3,0.2,720,False,simulated,720,0.992218,0.989812,0.993875,0.004063,0.991103,0.98644,0.995006,0.954706,0.997576,720,0.996094,0.99488,0.996928,0.002048,0.995526,0.993174,0.997497,0.976828,0.998786,0.000938,720,0.000938,720,0.375,720,113.5,720,,0,1e-06,720
23,0.8,nvfp4,0.2,720,False,native,720,0.980026,0.972674,0.984645,0.011971,0.977088,0.963717,0.986896,0.92411,0.992293,720,0.989912,0.986148,0.992263,0.006115,0.988381,0.981523,0.993405,0.960558,0.996132,0.000938,720,0.000961,720,0.734375,720,113.0,720,,0,0.105559,720
23,0.8,nvfp4_sim,0.2,720,False,simulated,720,0.97984,0.972674,0.984496,0.011822,0.977032,0.963724,0.986971,0.923829,0.992368,720,0.989817,0.986148,0.992188,0.00604,0.988352,0.981527,0.993443,0.960407,0.99617,0.000938,720,0.000935,720,0.738281,720,115.0,720,,0,0.105396,720
23,0.9,fp8_e4m3,0.1,720,False,simulated,720,0.988869,0.984348,0.991957,0.007609,0.98654,0.976071,0.994158,0.918985,0.997749,720,0.994404,0.992112,0.995962,0.00385,0.993202,0.987891,0.99707,0.957782,0.998873,0.001785,720,0.001743,720,0.277344,720,103.0,720,,0,1e-06,720
23,0.9,nvfp4,0.1,720,False,native,720,0.97361,0.960638,0.980694,0.020056,0.96861,0.947594,0.985532,0.829074,0.993411,720,0.986629,0.979924,0.990253,0.010329,0.983963,0.973092,0.992713,0.90655,0.996695,0.001785,720,0.00174,720,0.582031,720,102.5,720,,0,0.105559,720
23,0.9,nvfp4_sim,0.1,720,False,simulated,720,0.97361,0.960963,0.980805,0.019842,0.96863,0.94748,0.985399,0.829702,0.992964,720,0.986629,0.980093,0.990309,0.010216,0.983974,0.973032,0.992646,0.906926,0.996469,0.001785,720,0.001709,720,0.582031,720,102.0,720,,0,0.105396,720
24,0.8,fp8_e4m3,0.2,720,False,simulated,720,0.992143,0.990038,0.9938,0.003762,0.991078,0.98629,0.995006,0.955285,0.997424,720,0.996056,0.994994,0.99689,0.001896,0.995514,0.993098,0.997497,0.977131,0.998711,0.000954,720,0.000946,720,0.373047,720,116.0,720,,0,1e-06,720
24,0.8,nvfp4,0.2,720,False,native,720,0.980026,0.972545,0.984515,0.011969,0.977022,0.963658,0.987196,0.925866,0.992293,720,0.989912,0.986082,0.992197,0.006115,0.988348,0.981493,0.993557,0.961506,0.996132,0.000954,720,0.000977,720,0.742188,720,113.0,720,,0,0.105504,720
24,0.8,nvfp4_sim,0.2,720,False,simulated,720,0.979765,0.972472,0.984589,0.012118,0.976988,0.963643,0.987196,0.925726,0.992444,720,0.989779,0.986044,0.992235,0.006191,0.98833,0.981485,0.993557,0.961431,0.996208,0.000954,720,0.000984,720,0.738281,720,114.0,720,,0,0.105325,720
24,0.9,fp8_e4m3,0.1,720,False,simulated,720,0.988944,0.984644,0.99192,0.007276,0.986525,0.976394,0.994158,0.92231,0.99715,720,0.994441,0.992263,0.995944,0.003681,0.993195,0.988056,0.99707,0.959585,0.998573,0.001831,720,0.001762,720,0.277344,720,102.0,720,,0,1e-06,720
24,0.9,nvfp4,0.1,720,False,native,720,0.973171,0.96053,0.98051,0.01998,0.968498,0.946896,0.985103,0.831087,0.992814,720,0.986403,0.979868,0.990159,0.010291,0.983906,0.972724,0.992495,0.907752,0.996394,0.001831,720,0.00177,720,0.589844,720,104.0,720,,0,0.105504,720
24,0.9,nvfp4_sim,0.1,720,False,simulated,720,0.973244,0.960819,0.980584,0.019765,0.968545,0.947039,0.985236,0.831465,0.992516,720,0.986441,0.980018,0.990197,0.010179,0.98393,0.972799,0.992563,0.907978,0.996244,0.001831,720,0.001785,720,0.585938,720,104.0,720,,0,0.105325,720
25,0.8,fp8_e4m3,0.2,720,False,simulated,720,0.992218,0.990038,0.9938,0.003762,0.991139,0.98629,0.994931,0.958262,0.997576,720,0.996094,0.994994,0.99689,0.001896,0.995545,0.993098,0.997459,0.978686,0.998786,0.000954,720,0.000908,720,0.367188,720,113.0,720,,0,1e-06,720
25,0.8,nvfp4,0.2,720,False,native,720,0.979691,0.972527,0.984571,0.012044,0.976969,0.963439,0.987121,0.925304,0.993046,720,0.989741,0.986072,0.992225,0.006153,0.98832,0.981379,0.993519,0.961203,0.996511,0.000954,720,0.000919,720,0.742188,720,115.0,720,,0,0.105453,720
25,0.8,nvfp4_sim,0.2,720,False,simulated,720,0.979654,0.972398,0.98444,0.012042,0.976924,0.963504,0.987113,0.925023,0.993046,720,0.989722,0.986006,0.992159,0.006153,0.988297,0.981413,0.993515,0.961051,0.996511,0.000954,720,0.000927,720,0.746094,720,115.0,720,,0,0.105284,720
25,0.9,fp8_e4m3,0.1,720,False,simulated,720,0.988944,0.9842,0.992069,0.007869,0.986652,0.9761,0.994158,0.918017,0.997299,720,0.994441,0.992037,0.996019,0.003981,0.99326,0.987906,0.99707,0.957257,0.998648,0.001778,720,0.001762,720,0.277344,720,104.0,720,,0,1e-06,720
25,0.9,nvfp4,0.1,720,False,native,720,0.973683,0.96035,0.980363,0.020013,0.9685,0.94691,0.985236,0.829954,0.991771,720,0.986666,0.979774,0.990084,0.01031,0.983907,0.972731,0.992563,0.907076,0.995868,0.001778,720,0.001759,720,0.580078,720,102.5,720,,0,0.105453,720
25,0.9,nvfp4_sim,0.1,720,False,simulated,720,0.97361,0.960097,0.98051,0.020413,0.968488,0.946768,0.985088,0.830331,0.992069,720,0.986629,0.979642,0.990159,0.010517,0.983902,0.972656,0.992488,0.907302,0.996019,0.001778,720,0.001778,720,0.585938,720,102.5,720,,0,0.105284,720
26,0.8,fp8_e4m3,0.2,720,False,simulated,720,0.992218,0.989963,0.993724,0.003762,0.991143,0.986589,0.994931,0.954343,0.997803,720,0.996094,0.994956,0.996852,0.001896,0.995547,0.993249,0.997459,0.976638,0.9989,0.000919,720,0.000973,720,0.375,720,115.0,720,,0,1e-06,720
26,0.8,nvfp4,0.2,720,False,native,720,0.97958,0.972841,0.984645,0.011805,0.977,0.963139,0.987046,0.926077,0.992594,720,0.989684,0.986233,0.992263,0.00603,0.988336,0.981223,0.993481,0.96162,0.996283,0.000919,720,0.000927,720,0.746094,720,114.5,720,,0,0.105423,720
26,0.8,nvfp4_sim,0.2,720,False,simulated,720,0.979654,0.972601,0.984739,0.012138,0.976991,0.963329,0.987196,0.925866,0.99267,720,0.989722,0.98611,0.992311,0.006201,0.988331,0.981322,0.993557,0.961506,0.996321,0.000919,720,0.000916,720,0.742188,720,115.0,720,,0,0.105267,720
26,0.9,fp8_e4m3,0.1,720,False,simulated,720,0.988944,0.98494,0.992069,0.007129,0.986664,0.976526,0.994158,0.918985,0.99715,720,0.994441,0.992413,0.996019,0.003606,0.993266,0.988123,0.99707,0.957782,0.998573,0.001801,720,0.001785,720,0.273438,720,102.0,720,,0,1e-06,720
26,0.9,nvfp4,0.1,720,False,native,720,0.973537,0.960061,0.98051,0.020449,0.968432,0.946469,0.985088,0.83323,0.992814,720,0.986591,0.979624,0.990159,0.010536,0.983872,0.972498,0.992488,0.909029,0.996394,0.001801,720,0.001789,720,0.582031,720,103.0,720,,0,0.105423,720
26,0.9,nvfp4_sim,0.1,720,False,simulated,720,0.97361,0.959953,0.980658,0.020705,0.968422,0.946341,0.98494,0.833735,0.992964,720,0.986629,0.979567,0.990234,0.010667,0.983867,0.972431,0.992413,0.90933,0.996469,0.001801,720,0.001808,720,0.585938,720,102.0,720,,0,0.105267,720
27,0.8,fp8_e4m3,0.2,720,False,simulated,720,0.992218,0.989888,0.993649,0.003761,0.991129,0.986514,0.994856,0.957245,0.997651,720,0.996094,0.994918,0.996814,0.001896,0.99554,0.993211,0.997421,0.978155,0.998824,0.000942,720,0.000927,720,0.375,720,114.5,720,,0,1e-06,720
27,0.8,nvfp4,0.2,720,False,native,720,0.979877,0.972674,0.984571,0.011896,0.976935,0.962416,0.986964,0.925445,0.992594,720,0.989836,0.986148,0.992225,0.006077,0.988303,0.980848,0.993439,0.961279,0.996283,0.000942,720,0.000954,720,0.744141,720,114.0,720,,0,0.105274,720
27,0.8,nvfp4_sim,0.2,720,False,simulated,720,0.979654,0.972472,0.984571,0.012099,0.976887,0.962847,0.986971,0.925445,0.992594,720,0.989722,0.986044,0.992225,0.006182,0.988278,0.981072,0.993443,0.961279,0.996283,0.000942,720,0.000969,720,0.746094,720,112.0,720,,0,0.105103,720
27,0.9,fp8_e4m3,0.1,720,False,simulated,720,0.988944,0.98494,0.992069,0.007129,0.986726,0.976658,0.994158,0.920231,0.99685,720,0.994441,0.992413,0.996019,0.003606,0.993299,0.988191,0.99707,0.958459,0.998422,0.001747,720,0.001747,720,0.28125,720,103.5,720,,0,1e-06,720
27,0.9,nvfp4,0.1,720,False,native,720,0.97361,0.960386,0.980363,0.019977,0.968379,0.945616,0.985384,0.834367,0.99192,720,0.986629,0.979793,0.990084,0.010291,0.983846,0.972048,0.992638,0.909706,0.995944,0.001747,720,0.001781,720,0.583984,720,103.0,720,,0,0.105274,720
27,0.9,nvfp4_sim,0.1,720,False,simulated,720,0.973464,0.960386,0.980216,0.01983,0.968404,0.9459,0.985103,0.834873,0.992367,720,0.986553,0.979793,0.990009,0.010216,0.983859,0.972198,0.992495,0.910006,0.996169,0.001747,720,0.001766,720,0.585938,720,104.0,720,,0,0.105103,720
28,0.8,fp8_e4m3,0.2,720,False,simulated,720,0.99218,0.990188,0.993649,0.003461,0.991145,0.986806,0.995006,0.95572,0.997349,720,0.996075,0.99507,0.996814,0.001745,0.995548,0.993359,0.997497,0.977359,0.998673,0.000927,720,0.000919,720,0.375,720,114.0,720,,0,1e-06,720
28,0.8,nvfp4,0.2,720,False,native,720,0.979988,0.972398,0.984645,0.012248,0.976852,0.962343,0.987038,0.926148,0.991992,720,0.989893,0.986006,0.992263,0.006258,0.98826,0.98081,0.993477,0.961658,0.99598,0.000927,720,0.000946,720,0.738281,720,112.0,720,,0,0.105081,720
28,0.8,nvfp4_sim,0.2,720,False,simulated,720,0.979951,0.972472,0.984515,0.012043,0.976822,0.96227,0.986964,0.925937,0.991842,720,0.989874,0.986044,0.992197,0.006153,0.988245,0.980772,0.993439,0.961544,0.995904,0.000927,720,0.000927,720,0.742188,720,113.0,720,,0,0.10491,720
28,0.9,fp8_e4m3,0.1,720,False,simulated,720,0.988944,0.984903,0.992069,0.007166,0.986854,0.976819,0.994173,0.920646,0.997449,720,0.994441,0.992394,0.996019,0.003625,0.993364,0.988274,0.997078,0.958684,0.998723,0.001808,720,0.001785,720,0.273438,720,102.0,720,,0,1e-06,720
28,0.9,nvfp4,0.1,720,False,native,720,0.973756,0.960494,0.98051,0.020016,0.968405,0.945346,0.985088,0.840453,0.99192,720,0.986704,0.979849,0.990159,0.01031,0.98386,0.971905,0.992488,0.913311,0.995944,0.001808,720,0.001762,720,0.582031,720,105.0,720,,0,0.105081,720
28,0.9,nvfp4_sim,0.1,720,False,simulated,720,0.973756,0.960747,0.980363,0.019616,0.968413,0.945886,0.985236,0.840453,0.992367,720,0.986704,0.97998,0.990084,0.010104,0.983864,0.972191,0.992563,0.913311,0.996169,0.001808,720,0.001785,720,0.582031,720,103.0,720,,0,0.10491,720
29,0.8,fp8_e4m3,0.2,720,False,simulated,720,0.992218,0.990038,0.993724,0.003687,0.991181,0.986664,0.99478,0.959645,0.997727,720,0.996094,0.994994,0.996852,0.001858,0.995567,0.993287,0.997383,0.979407,0.998862,0.000942,720,0.000977,720,0.371094,720,112.5,720,,0,1e-06,720
29,0.8,nvfp4,0.2,720,False,native,720,0.980063,0.972398,0.984589,0.012192,0.976822,0.962182,0.987038,0.925585,0.991616,720,0.989931,0.986006,0.992235,0.006229,0.988245,0.980727,0.993477,0.961355,0.99579,0.000942,720,0.000946,720,0.742188,720,114.0,720,,0,0.104964,720
29,0.8,nvfp4_sim,0.2,720,False,simulated,720,0.979988,0.972398,0.984571,0.012173,0.9768,0.962182,0.987113,0.925796,0.991315,720,0.989893,0.986006,0.992225,0.00622,0.988233,0.980727,0.993515,0.961468,0.995639,0.000942,720,0.000948,720,0.742188,720,113.5,720,,0,0.104795,720
29,0.9,fp8_e4m3,0.1,720,False,simulated,720,0.989241,0.984792,0.99192,0.007128,0.98693,0.977128,0.994158,0.919954,0.99715,720,0.994591,0.992338,0.995944,0.003606,0.993403,0.988431,0.99707,0.958308,0.998573,0.001839,720,0.001801,720,0.269531,720,102.0,720,,0,1e-06,720
29,0.9,nvfp4,0.1,720,False,native,720,0.97361,0.960675,0.980658,0.019983,0.968493,0.946042,0.984792,0.841599,0.992814,720,0.986629,0.979943,0.990234,0.010291,0.983905,0.972273,0.992338,0.913987,0.996394,0.001839,720,0.001778,720,0.582031,720,102.0,720,,0,0.104964,720
29,0.9,nvfp4_sim,0.1,720,False,simulated,720,0.973537,0.960602,0.980805,0.020203,0.968449,0.946042,0.985088,0.841472,0.992964,720,0.986591,0.979905,0.990309,0.010404,0.983882,0.972273,0.992488,0.913912,0.996469,0.001839,720,0.001785,720,0.585938,720,103.5,720,,0,0.104795,720
30,0.8,fp8_e4m3,0.2,720,False,simulated,720,0.992218,0.990244,0.993818,0.003574,0.991184,0.986425,0.994856,0.958553,0.997803,720,0.996094,0.995098,0.9969,0.001801,0.995568,0.993166,0.997421,0.978838,0.9989,0.000919,720,0.000948,720,0.371094,720,114.0,720,0.999964,720,1e-06,720
30,0.8,nvfp4,0.2,720,False,native,720,0.9801,0.97225,0.984496,0.012246,0.976716,0.961824,0.986821,0.926711,0.992218,720,0.98995,0.98593,0.992188,0.006258,0.98819,0.980541,0.993367,0.961961,0.996094,0.000919,720,0.000904,720,0.746094,720,113.0,720,0.999751,720,0.10489,720
30,0.8,nvfp4_sim,0.2,720,False,simulated,720,0.979877,0.972453,0.98444,0.011987,0.976669,0.962116,0.986896,0.926429,0.992218,720,0.989836,0.986034,0.992159,0.006125,0.988166,0.980693,0.993405,0.96181,0.996094,0.000919,720,0.000938,720,0.742188,720,114.0,720,0.999749,720,0.104718,720
30,0.9,fp8_e4m3,0.1,720,False,simulated,720,0.989241,0.98494,0.992069,0.007129,0.986886,0.97654,0.994158,0.921755,0.997449,720,0.994591,0.992413,0.996019,0.003606,0.99338,0.988131,0.99707,0.959285,0.998723,0.001793,720,0.001808,720,0.273438,720,102.0,720,0.999964,720,1e-06,720
30,0.9,nvfp4,0.1,720,False,native,720,0.97361,0.959484,0.9804,0.020916,0.968331,0.945317,0.985088,0.839818,0.993262,720,0.986629,0.979323,0.990103,0.01078,0.983821,0.97189,0.992488,0.912936,0.99662,0.001793,720,0.001766,720,0.574219,720,102.5,720,0.999751,720,0.10489,720
30,0.9,nvfp4_sim,0.1,720,False,simulated,720,0.97383,0.959592,0.98051,0.020918,0.968324,0.945061,0.984792,0.839945,0.994008,720,0.986741,0.97938,0.990159,0.01078,0.983817,0.971755,0.992338,0.913011,0.996995,0.001793,720,0.001785,720,0.578125,720,101.0,720,0.999749,720,0.104718,720
31,0.8,fp8_e4m3,0.2,720,False,simulated,720,0.992218,0.989963,0.9938,0.003837,0.991149,0.98629,0.994856,0.957027,0.997198,720,0.996094,0.994956,0.99689,0.001934,0.99555,0.993098,0.997421,0.978042,0.998597,0.000916,720,0.000946,720,0.371094,720,114.5,720,,0,1e-06,720
31,0.8,nvfp4,0.2,720,False,native,720,0.979803,0.972103,0.984664,0.012561,0.976608,0.961598,0.986814,0.930166,0.991691,720,0.989798,0.985854,0.992273,0.006419,0.988134,0.980423,0.993363,0.96382,0.995828,0.000916,720,0.000919,720,0.742188,720,115.0,720,,0,0.104815,720
31,0.8,nvfp4_sim,0.2,720,False,simulated,720,0.979728,0.971937,0.98472,0.012783,0.976567,0.961248,0.986964,0.930237,0.991691,720,0.98976,0.985769,0.992301,0.006533,0.988113,0.980241,0.993439,0.963858,0.995828,0.000916,720,0.000938,720,0.746094,720,115.5,720,,0,0.104643,720
31,0.9,fp8_e4m3,0.1,720,False,simulated,720,0.989241,0.984348,0.99192,0.007572,0.986832,0.977098,0.994008,0.922588,0.99715,720,0.994591,0.992112,0.995944,0.003831,0.993352,0.988416,0.996995,0.959736,0.998573,0.001808,720,0.001839,720,0.269531,720,101.0,720,,0,1e-06,720
31,0.9,nvfp4,0.1,720,False,native,720,0.97361,0.959953,0.980216,0.020263,0.968162,0.945033,0.984807,0.842491,0.993113,720,0.986629,0.979567,0.990009,0.010442,0.983733,0.97174,0.992345,0.914513,0.996544,0.001808,720,0.001808,720,0.578125,720,103.0,720,,0,0.104815,720
31,0.9,nvfp4_sim,0.1,720,False,simulated,720,0.973756,0.9597,0.980216,0.020515,0.968183,0.945189,0.984792,0.842491,0.992814,720,0.986704,0.979436,0.990009,0.010573,0.983744,0.971822,0.992338,0.914513,0.996394,0.001808,720,0.001808,720,0.578125,720,102.0,720,,0,0.104643,720
32,0.8,fp8_e4m3,0.2,720,False,simulated,720,0.992293,0.989963,0.993668,0.003705,0.991149,0.986574,0.994856,0.955358,0.997349,720,0.996132,0.994956,0.996824,0.001868,0.99555,0.993242,0.997421,0.977169,0.998673,0.000912,720,0.000923,720,0.371094,720,113.5,720,,0,1e-06,720
32,0.8,nvfp4,0.2,720,False,native,720,0.979765,0.971771,0.984571,0.0128,0.976516,0.961161,0.987046,0.929884,0.991992,720,0.989779,0.985683,0.992225,0.006542,0.988086,0.980196,0.993481,0.963668,0.99598,0.000912,720,0.000938,720,0.75,720,114.5,720,,0,0.104737,720
32,0.8,nvfp4_sim,0.2,720,False,simulated,720,0.979803,0.971495,0.984496,0.013002,0.976456,0.961161,0.986889,0.929742,0.991917,720,0.989798,0.985541,0.992188,0.006646,0.988056,0.980196,0.993401,0.963592,0.995942,0.000912,720,0.000908,720,0.75,720,114.5,720,,0,0.104568,720
32,0.9,fp8_e4m3,0.1,720,False,simulated,720,0.988647,0.984644,0.99192,0.007276,0.986858,0.976834,0.994158,0.923144,0.99715,720,0.994291,0.992263,0.995944,0.003681,0.993367,0.988281,0.99707,0.960036,0.998573,0.001781,720,0.001808,720,0.28125,720,103.0,720,,0,1e-06,720
32,0.9,nvfp4,0.1,720,False,native,720,0.974049,0.959809,0.980363,0.020554,0.968183,0.944621,0.984792,0.844789,0.992367,720,0.986854,0.979492,0.990084,0.010592,0.983744,0.971522,0.992338,0.915865,0.996169,0.001781,720,0.001801,720,0.578125,720,101.5,720,,0,0.104737,720
32,0.9,nvfp4_sim,0.1,720,False,simulated,720,0.974049,0.959376,0.980216,0.02084,0.968124,0.944209,0.984955,0.844534,0.992367,720,0.986854,0.979267,0.990009,0.010742,0.983713,0.971304,0.99242,0.915715,0.996169,0.001781,720,0.001808,720,0.578125,720,100.5,720,,0,0.104568,720
33,0.8,fp8_e4m3,0.2,720,False,simulated,720,0.992218,0.989944,0.993724,0.00378,0.991085,0.986066,0.99478,0.957753,0.9975,720,0.996094,0.994947,0.996852,0.001906,0.995518,0.992984,0.997383,0.978421,0.998748,0.000919,720,0.000946,720,0.375,720,114.0,720,,0,1e-06,720
33,0.8,nvfp4,0.2,720,False,native,720,0.979654,0.971826,0.984515,0.012689,0.976457,0.961533,0.987113,0.931368,0.991842,720,0.989722,0.985712,0.992197,0.006485,0.988056,0.980389,0.993515,0.964465,0.995904,0.000919,720,0.000921,720,0.746094,720,115.0,720,,0,0.104693,720
33,0.8,nvfp4_sim,0.2,720,False,simulated,720,0.979542,0.971587,0.984421,0.012835,0.976403,0.961387,0.986896,0.930802,0.991616,720,0.989666,0.985589,0.99215,0.006561,0.988028,0.980313,0.993405,0.964161,0.99579,0.000919,720,0.000917,720,0.75,720,114.0,720,,0,0.104525,720
33,0.9,fp8_e4m3,0.1,720,False,simulated,720,0.989092,0.98494,0.99192,0.00698,0.98679,0.977113,0.994158,0.921062,0.997749,720,0.994516,0.992413,0.995944,0.003531,0.993332,0.988424,0.99707,0.958909,0.998873,0.001785,720,0.001842,720,0.273438,720,103.0,720,,0,1e-06,720
33,0.9,nvfp4,0.1,720,False,native,720,0.974049,0.95952,0.980363,0.020843,0.968061,0.944451,0.985088,0.847606,0.992516,720,0.986854,0.979342,0.990084,0.010742,0.98368,0.971432,0.992488,0.917518,0.996244,0.001785,720,0.001743,720,0.574219,720,102.0,720,,0,0.104693,720
33,0.9,nvfp4_sim,0.1,720,False,simulated,720,0.973903,0.959088,0.980363,0.021275,0.968022,0.944323,0.985088,0.847221,0.992069,720,0.986779,0.979117,0.990084,0.010968,0.983659,0.971364,0.992488,0.917293,0.996019,0.001785,720,0.001808,720,0.582031,720,102.5,720,,0,0.104525,720
34,0.8,fp8_e4m3,0.2,720,False,simulated,720,0.992293,0.990038,0.9938,0.003762,0.991213,0.986432,0.994931,0.959426,0.997424,720,0.996132,0.994994,0.99689,0.001896,0.995583,0.99317,0.997459,0.979293,0.998711,0.000975,720,0.000931,720,0.371094,720,114.0,720,,0,1e-06,720
34,0.8,nvfp4,0.2,720,False,native,720,0.980026,0.971347,0.984589,0.013242,0.976545,0.961438,0.987046,0.927274,0.991842,720,0.989912,0.985465,0.992235,0.00677,0.988101,0.98034,0.993481,0.962265,0.995904,0.000975,720,0.000957,720,0.746094,720,112.0,720,,0,0.104607,720
34,0.8,nvfp4_sim,0.2,720,False,simulated,720,0.979803,0.971495,0.984571,0.013076,0.976472,0.961365,0.987038,0.926992,0.991842,720,0.989798,0.985541,0.992225,0.006684,0.988063,0.980302,0.993477,0.962113,0.995904,0.000975,720,0.000937,720,0.748047,720,112.0,720,,0,0.104439,720
34,0.9,fp8_e4m3,0.1,720,False,simulated,720,0.988944,0.985088,0.991771,0.006683,0.986894,0.978009,0.994158,0.92356,0.9967,720,0.994441,0.992488,0.995868,0.00338,0.993385,0.988882,0.99707,0.960261,0.998347,0.001839,720,0.001839,720,0.277344,720,101.5,720,,0,1e-06,720
34,0.9,nvfp4,0.1,720,False,native,720,0.973756,0.959664,0.979921,0.020257,0.967992,0.943897,0.984955,0.850045,0.99371,720,0.986704,0.979417,0.989859,0.010442,0.983645,0.971139,0.99242,0.918945,0.996845,0.001839,720,0.001801,720,0.580078,720,103.5,720,,0,0.104607,720
34,0.9,nvfp4_sim,0.1,720,False,simulated,720,0.973976,0.959773,0.980216,0.020443,0.968014,0.9435,0.985088,0.849788,0.99371,720,0.986816,0.979473,0.990009,0.010536,0.983656,0.970928,0.992488,0.918795,0.996845,0.001839,720,0.001816,720,0.576172,720,102.5,720,,0,0.104439,720
35,0.8,fp8_e4m3,0.2,720,False,simulated,720,0.992218,0.990019,0.993668,0.003649,0.99119,0.986283,0.99478,0.957172,0.9975,720,0.996094,0.994984,0.996824,0.001839,0.995571,0.993094,0.997383,0.978117,0.998748,0.000946,720,0.000954,720,0.375,720,114.0,720,,0,1e-06,720
35,0.8,nvfp4,0.2,720,False,native,720,0.979505,0.971495,0.984496,0.013002,0.976445,0.960935,0.987113,0.927133,0.991466,720,0.989647,0.985541,0.992188,0.006646,0.98805,0.980078,0.993515,0.962189,0.995715,0.000946,720,0.000938,720,0.746094,720,112.0,720,,0,0.104571,720
35,0.8,nvfp4_sim,0.2,720,False,simulated,720,0.979654,0.97155,0.984571,0.013021,0.976393,0.960665,0.987121,0.926852,0.991466,720,0.989722,0.98557,0.992225,0.006656,0.988023,0.979938,0.993519,0.962037,0.995715,0.000946,720,0.00094,720,0.753906,720,113.0,720,,0,0.104402,720
35,0.9,fp8_e4m3,0.1,720,False,simulated,720,0.988944,0.985236,0.991771,0.006535,0.987071,0.97845,0.99371,0.922588,0.997899,720,0.994441,0.992563,0.995868,0.003305,0.993476,0.989108,0.996845,0.959736,0.998948,0.001793,720,0.001839,720,0.275391,720,102.0,720,,0,1e-06,720
35,0.9,nvfp4,0.1,720,False,native,720,0.973464,0.959592,0.980216,0.020623,0.967879,0.943925,0.985088,0.850688,0.99192,720,0.986553,0.97938,0.990009,0.01063,0.983586,0.971154,0.992488,0.919321,0.995944,0.001793,720,0.001804,720,0.582031,720,101.5,720,,0,0.104571,720
35,0.9,nvfp4_sim,0.1,720,False,simulated,720,0.973464,0.959809,0.980105,0.020297,0.967872,0.944053,0.985088,0.850302,0.991622,720,0.986553,0.979492,0.989953,0.01046,0.983582,0.971221,0.992488,0.919096,0.995793,0.001793,720,0.001839,720,0.585938,720,102.0,720,,0,0.104402,720
36,0.8,fp8_e4m3,0.2,720,False,simulated,720,0.992218,0.990169,0.9938,0.00363,0.991207,0.986664,0.994856,0.956809,0.997122,720,0.996094,0.99506,0.99689,0.00183,0.995579,0.993287,0.997421,0.977928,0.998559,0.000935,720,0.000946,720,0.371094,720,111.5,720,,0,1e-06,720
36,0.8,nvfp4,0.2,720,False,native,720,0.979728,0.971071,0.984421,0.013351,0.976349,0.960956,0.987046,0.927626,0.992143,720,0.98976,0.985323,0.99215,0.006826,0.988,0.98009,0.993481,0.962454,0.996056,0.000935,720,0.000961,720,0.740234,720,113.0,720,,0,0.104543,720
36,0.8,nvfp4_sim,0.2,720,False,simulated,720,0.979691,0.970923,0.984347,0.013423,0.976335,0.961168,0.987038,0.927908,0.991691,720,0.989741,0.985247,0.992112,0.006864,0.987993,0.980199,0.993477,0.962606,0.995828,0.000935,720,0.000961,720,0.742188,720,112.0,720,,0,0.104378,720
36,0.9,fp8_e4m3,0.1,720,False,simulated,720,0.988944,0.984792,0.991957,0.007165,0.987021,0.977833,0.994023,0.91857,0.998049,720,0.994441,0.992338,0.995962,0.003625,0.99345,0.988792,0.997003,0.957557,0.999023,0.001827,720,0.001808,720,0.273438,720,101.0,720,,0,1e-06,720
36,0.9,nvfp4,0.1,720,False,native,720,0.973903,0.959664,0.979774,0.02011,0.967766,0.943641,0.985088,0.851718,0.993411,720,0.986779,0.979417,0.989784,0.010367,0.983525,0.971004,0.992488,0.919922,0.996695,0.001827,720,0.001766,720,0.578125,720,101.0,720,,0,0.104543,720
36,0.9,nvfp4_sim,0.1,720,False,simulated,720,0.974049,0.959664,0.979958,0.020294,0.967774,0.943358,0.985236,0.851589,0.993262,720,0.986854,0.979417,0.989878,0.01046,0.98353,0.970853,0.992563,0.919847,0.99662,0.001827,720,0.001808,720,0.578125,720,102.0,720,,0,0.104378,720
37,0.8,fp8_e4m3,0.2,720,False,simulated,720,0.992143,0.989888,0.993818,0.003931,0.991198,0.986589,0.994856,0.959426,0.997803,720,0.996056,0.994918,0.9969,0.001982,0.995575,0.993249,0.997421,0.979293,0.9989,0.000946,720,0.000946,720,0.375,720,112.5,720,,0,1e-06,720
37,0.8,nvfp4,0.2,720,False,native,720,0.979877,0.971273,0.984291,0.013017,0.976266,0.960774,0.986971,0.923338,0.991315,720,0.989836,0.985427,0.992083,0.006656,0.987957,0.979995,0.993443,0.960141,0.995639,0.000946,720,0.000957,720,0.742188,720,114.0,720,,0,0.104561,720
37,0.8,nvfp4_sim,0.2,720,False,simulated,720,0.979765,0.971145,0.984421,0.013277,0.976237,0.960716,0.986971,0.923829,0.991165,720,0.989779,0.985361,0.99215,0.006789,0.987942,0.979964,0.993443,0.960407,0.995563,0.000946,720,0.000963,720,0.746094,720,114.5,720,,0,0.104398,720
37,0.9,fp8_e4m3,0.1,720,False,simulated,720,0.988944,0.985384,0.99192,0.006536,0.987079,0.977407,0.994008,0.923421,0.997599,720,0.994441,0.992638,0.995944,0.003305,0.99348,0.988574,0.996995,0.960186,0.998798,0.001801,720,0.001808,720,0.277344,720,103.0,720,,0,1e-06,720
37,0.9,nvfp4,0.1,720,False,native,720,0.973756,0.959232,0.979921,0.020689,0.967772,0.943017,0.985384,0.852233,0.993113,720,0.986704,0.979192,0.989859,0.010667,0.983528,0.970673,0.992638,0.920222,0.996544,0.001801,720,0.00182,720,0.578125,720,102.5,720,,0,0.104561,720
37,0.9,nvfp4_sim,0.1,720,False,simulated,720,0.973903,0.959088,0.979921,0.020834,0.96775,0.942904,0.985384,0.852362,0.993411,720,0.986779,0.979117,0.989859,0.010742,0.983516,0.970613,0.992638,0.920297,0.996695,0.001801,720,0.001839,720,0.578125,720,103.5,720,,0,0.104398,720
38,0.8,fp8_e4m3,0.2,720,False,simulated,720,0.992143,0.989963,0.993649,0.003686,0.991203,0.986956,0.994931,0.958626,0.997198,720,0.996056,0.994956,0.996814,0.001858,0.995578,0.993435,0.997459,0.978876,0.998597,0.000946,720,0.000959,720,0.375,720,114.0,720,,0,2e-06,720
38,0.8,nvfp4,0.2,720,False,native,720,0.979691,0.971716,0.984645,0.01293,0.976306,0.960876,0.986964,0.92418,0.991917,720,0.989741,0.985655,0.992263,0.006608,0.987978,0.980048,0.993439,0.960596,0.995942,0.000946,720,0.000935,720,0.75,720,114.5,720,,0,0.104599,720
38,0.8,nvfp4_sim,0.2,720,False,simulated,720,0.979691,0.971366,0.984496,0.013131,0.976265,0.960949,0.987113,0.923899,0.991766,720,0.989741,0.985475,0.992188,0.006713,0.987957,0.980086,0.993515,0.960444,0.995866,0.000946,720,0.000946,720,0.75,720,114.0,720,,0,0.104425,720
38,0.9,fp8_e4m3,0.1,720,False,simulated,720,0.989092,0.98494,0.99192,0.00698,0.987107,0.977994,0.994008,0.917879,0.997,720,0.994516,0.992413,0.995944,0.003531,0.993495,0.988875,0.996995,0.957181,0.998498,0.001804,720,0.001839,720,0.277344,720,102.0,720,,0,2e-06,720
38,0.9,nvfp4,0.1,720,False,native,720,0.974195,0.959773,0.979921,0.020149,0.967852,0.943202,0.985236,0.853007,0.992367,720,0.986929,0.979473,0.989859,0.010385,0.98357,0.970771,0.992563,0.920673,0.996169,0.001804,720,0.001823,720,0.578125,720,103.5,720,,0,0.104599,720
38,0.9,nvfp4_sim,0.1,720,False,simulated,720,0.974049,0.959953,0.979958,0.020005,0.967891,0.942932,0.985103,0.853007,0.992665,720,0.986854,0.979567,0.989878,0.01031,0.98359,0.970628,0.992495,0.920673,0.996319,0.001804,720,0.001858,720,0.578125,720,103.0,720,,0,0.104425,720
39,0.8,fp8_e4m3,0.2,720,False,simulated,720,0.992067,0.990038,0.993724,0.003687,0.991243,0.986732,0.994863,0.956736,0.996895,720,0.996018,0.994994,0.996852,0.001858,0.995598,0.993321,0.997425,0.97789,0.998445,0.000938,720,0.000946,720,0.375,720,113.5,720,,0,2e-06,720
39,0.8,nvfp4,0.2,720,False,native,720,0.97984,0.971366,0.984347,0.012981,0.976168,0.96073,0.986889,0.922216,0.990864,720,0.989817,0.985475,0.992112,0.006637,0.987907,0.979972,0.993401,0.959534,0.995411,0.000938,720,0.000961,720,0.746094,720,113.0,720,,0,0.104535,720
39,0.8,nvfp4_sim,0.2,720,False,simulated,720,0.979914,0.971421,0.984347,0.012926,0.976124,0.960665,0.986971,0.921936,0.991014,720,0.989855,0.985503,0.992112,0.006608,0.987884,0.979938,0.993443,0.959383,0.995487,0.000938,720,0.000923,720,0.746094,720,114.0,720,,0,0.104368,720
39,0.9,fp8_e4m3,0.1,720,False,simulated,720,0.989092,0.985384,0.991771,0.006387,0.987181,0.978729,0.994008,0.922727,0.997599,720,0.994516,0.992638,0.995868,0.00323,0.993533,0.98925,0.996995,0.959811,0.998798,0.001839,720,0.001831,720,0.273438,720,101.0,720,,0,2e-06,720
39,0.9,nvfp4,0.1,720,False,native,720,0.973756,0.959376,0.97948,0.020104,0.96765,0.942493,0.984659,0.852104,0.993113,720,0.986704,0.979267,0.989633,0.010367,0.983463,0.970395,0.99227,0.920147,0.996544,0.001839,720,0.001808,720,0.582031,720,101.0,720,,0,0.104535,720
39,0.9,nvfp4_sim,0.1,720,False,simulated,720,0.973903,0.959664,0.979774,0.02011,0.967673,0.942507,0.98494,0.853265,0.993411,720,0.986779,0.979417,0.989784,0.010367,0.983475,0.970403,0.992413,0.920823,0.996695,0.001839,720,0.001778,720,0.580078,720,101.0,720,,0,0.104368,720
40,0.8,fp8_e4m3,0.2,720,False,simulated,720,0.992218,0.990019,0.993724,0.003705,0.99119,0.986365,0.994856,0.95543,0.996668,720,0.996094,0.994984,0.996852,0.001868,0.995571,0.993136,0.997421,0.977207,0.998331,0.000937,720,0.000956,720,0.375,720,114.0,720,0.999964,720,2e-06,720
40,0.8,nvfp4,0.2,720,False,native,720,0.979691,0.971568,0.984421,0.012853,0.976046,0.959841,0.986746,0.921096,0.990789,720,0.989741,0.985579,0.99215,0.00657,0.987844,0.979509,0.993329,0.958927,0.995373,0.000937,720,0.000961,720,0.75,720,113.5,720,0.999753,720,0.104446,720
40,0.8,nvfp4_sim,0.2,720,False,simulated,720,0.979654,0.971292,0.98444,0.013148,0.975991,0.96014,0.986739,0.920956,0.99139,720,0.989722,0.985437,0.992159,0.006722,0.987816,0.979665,0.993325,0.958852,0.995677,0.000937,720,0.000957,720,0.755859,720,113.5,720,0.999755,720,0.104286,720
40,0.9,fp8_e4m3,0.1,720,False,simulated,720,0.988944,0.985236,0.99192,0.006684,0.987133,0.978156,0.99371,0.921201,0.997749,720,0.994441,0.992563,0.995944,0.00338,0.993509,0.988957,0.996845,0.958984,0.998873,0.001801,720,0.001793,720,0.277344,720,100.5,720,0.999964,720,2e-06,720
40,0.9,nvfp4,0.1,720,False,native,720,0.973756,0.959664,0.979921,0.020257,0.967588,0.942876,0.98494,0.848761,0.993411,720,0.986704,0.979417,0.989859,0.010442,0.98343,0.970598,0.992413,0.918194,0.996695,0.001801,720,0.001831,720,0.582031,720,102.0,720,0.999753,720,0.104446,720
40,0.9,nvfp4_sim,0.1,720,False,simulated,720,0.97383,0.959484,0.979921,0.020437,0.967558,0.94279,0.985088,0.849017,0.994008,720,0.986741,0.979323,0.989859,0.010536,0.983415,0.970553,0.992488,0.918344,0.996995,0.001801,720,0.001831,720,0.582031,720,102.0,720,0.999755,720,0.104286,720
41,0.8,fp8_e4m3,0.2,720,False,simulated,720,0.992105,0.990038,0.993649,0.003611,0.991163,0.986589,0.99478,0.958771,0.996593,720,0.996037,0.994994,0.996814,0.00182,0.995558,0.993249,0.997383,0.978952,0.998293,0.000977,720,0.000984,720,0.378906,720,114.0,720,,0,1e-06,720
41,0.8,nvfp4,0.2,720,False,native,720,0.979617,0.970629,0.984496,0.013867,0.975907,0.959026,0.986814,0.916279,0.992444,720,0.989703,0.985096,0.992188,0.007092,0.987772,0.979084,0.993363,0.956311,0.996208,0.000977,720,0.000946,720,0.761719,720,114.0,720,,0,0.104333,720
41,0.8,nvfp4_sim,0.2,720,False,simulated,720,0.979468,0.970629,0.984496,0.013867,0.975885,0.958837,0.986739,0.916488,0.992067,720,0.989628,0.985096,0.992188,0.007092,0.98776,0.978986,0.993325,0.956424,0.996018,0.000977,720,0.000919,720,0.757812,720,114.5,720,,0,0.104167,720
41,0.9,fp8_e4m3,0.1,720,False,simulated,720,0.988795,0.98494,0.991771,0.006831,0.987016,0.978876,0.993859,0.919815,0.997,720,0.994366,0.992413,0.995868,0.003456,0.993449,0.989325,0.99692,0.958233,0.998498,0.001808,720,0.001804,720,0.277344,720,102.0,720,,0,1e-06,720
41,0.9,nvfp4,0.1,720,False,native,720,0.973171,0.959052,0.979627,0.020575,0.967436,0.941515,0.985103,0.845045,0.99192,720,0.986403,0.979098,0.989709,0.010611,0.983351,0.969877,0.992495,0.916016,0.995944,0.001808,720,0.001808,720,0.589844,720,102.5,720,,0,0.104333,720
41,0.9,nvfp4_sim,0.1,720,False,simulated,720,0.973318,0.958943,0.979627,0.020683,0.967399,0.941218,0.985088,0.845813,0.992218,720,0.986478,0.979041,0.989709,0.010667,0.983332,0.969719,0.992488,0.916466,0.996094,0.001808,720,0.001808,720,0.59375,720,103.0,720,,0,0.104167,720
42,0.8,fp8_e4m3,0.2,720,False,simulated,720,0.992067,0.989888,0.993649,0.003761,0.991076,0.986507,0.994856,0.958117,0.996744,720,0.996018,0.994918,0.996814,0.001896,0.995514,0.993208,0.997421,0.97861,0.998369,0.000988,720,0.000957,720,0.378906,720,113.0,720,,0,2e-06,720
42,0.8,nvfp4,0.2,720,False,native,720,0.979505,0.970629,0.984272,0.013643,0.975777,0.95848,0.986739,0.914957,0.991842,720,0.989647,0.985096,0.992074,0.006978,0.987705,0.9788,0.993325,0.95559,0.995904,0.000988,720,0.00098,720,0.753906,720,113.0,720,,0,0.104264,720
42,0.8,nvfp4_sim,0.2,720,False,simulated,720,0.97958,0.970684,0.984197,0.013513,0.975725,0.958408,0.986672,0.914331,0.991842,720,0.989684,0.985124,0.992036,0.006912,0.987678,0.978762,0.993291,0.955249,0.995904,0.000988,720,0.000967,720,0.757812,720,114.0,720,,0,0.1041,720
42,0.9,fp8_e4m3,0.1,720,False,simulated,720,0.988944,0.985051,0.991659,0.006608,0.987144,0.978435,0.993874,0.920785,0.997299,720,0.994441,0.992469,0.995812,0.003343,0.993514,0.9891,0.996928,0.958759,0.998648,0.001785,720,0.001816,720,0.273438,720,102.0,720,,0,2e-06,720
42,0.9,nvfp4,0.1,720,False,native,720,0.973171,0.959484,0.979664,0.020179,0.967374,0.94177,0.984659,0.842109,0.99192,720,0.986403,0.979323,0.989727,0.010404,0.983319,0.970012,0.99227,0.914288,0.995944,0.001785,720,0.001869,720,0.589844,720,102.0,720,,0,0.104264,720
42,0.9,nvfp4_sim,0.1,720,False,simulated,720,0.973171,0.95934,0.979811,0.020471,0.967397,0.941657,0.984511,0.842619,0.99192,720,0.986403,0.979248,0.989802,0.010554,0.983331,0.969952,0.992195,0.914588,0.995944,0.001785,720,0.001823,720,0.589844,720,101.0,720,,0,0.1041,720
43,0.8,fp8_e4m3,0.2,720,False,simulated,720,0.992067,0.989493,0.993724,0.004231,0.991093,0.986432,0.995006,0.958408,0.996593,720,0.996018,0.994719,0.996852,0.002133,0.995522,0.99317,0.997497,0.978762,0.998293,0.000961,720,0.000967,720,0.378906,720,114.0,720,,0,2e-06,720
43,0.8,nvfp4,0.2,720,False,native,720,0.979357,0.970169,0.984048,0.013879,0.975593,0.957971,0.986971,0.909341,0.991466,720,0.989571,0.984859,0.99196,0.007101,0.987609,0.978535,0.993443,0.952518,0.995715,0.000961,720,0.000959,720,0.757812,720,115.0,720,,0,0.104384,720
43,0.8,nvfp4_sim,0.2,720,False,simulated,720,0.979208,0.969874,0.984048,0.014174,0.975559,0.957673,0.986964,0.909894,0.990789,720,0.989495,0.984707,0.99196,0.007253,0.987591,0.978379,0.993439,0.952822,0.995373,0.000961,720,0.000971,720,0.761719,720,113.0,720,,0,0.104218,720
43,0.9,fp8_e4m3,0.1,720,False,simulated,720,0.988944,0.985088,0.991622,0.006534,0.987126,0.978744,0.994008,0.919262,0.997299,720,0.994441,0.992488,0.995793,0.003305,0.993504,0.989258,0.996995,0.957933,0.998648,0.001789,720,0.001831,720,0.273438,720,101.5,720,,0,2e-06,720
43,0.9,nvfp4,0.1,720,False,native,720,0.972952,0.958943,0.979664,0.02072,0.967193,0.940086,0.985103,0.836898,0.992218,720,0.986291,0.979041,0.989727,0.010686,0.983223,0.969118,0.992495,0.911208,0.996094,0.001789,720,0.001785,720,0.597656,720,101.0,720,,0,0.104384,720
43,0.9,nvfp4_sim,0.1,720,False,simulated,720,0.973171,0.958943,0.97948,0.020536,0.967197,0.940525,0.984822,0.838039,0.992367,720,0.986403,0.979041,0.989633,0.010592,0.983226,0.969351,0.992353,0.911884,0.996169,0.001789,720,0.001785,720,0.589844,720,102.0,720,,0,0.104218,720
44,0.8,fp8_e4m3,0.2,720,False,simulated,720,0.992067,0.989869,0.993668,0.003799,0.991134,0.986507,0.994856,0.958408,0.996441,720,0.996018,0.994909,0.996824,0.001915,0.995543,0.993208,0.997421,0.978762,0.998218,0.000992,720,0.000944,720,0.378906,720,113.0,720,,0,2e-06,720
44,0.8,nvfp4,0.2,720,False,native,720,0.979282,0.970022,0.983974,0.013952,0.97547,0.957964,0.986821,0.903621,0.991541,720,0.989533,0.984783,0.991922,0.007139,0.987543,0.978531,0.993367,0.94937,0.995752,0.000992,720,0.000984,720,0.761719,720,114.0,720,,0,0.104629,720
44,0.8,nvfp4_sim,0.2,720,False,simulated,720,0.978985,0.970003,0.983768,0.013765,0.975393,0.957957,0.986821,0.904239,0.991165,720,0.989381,0.984773,0.991818,0.007045,0.987504,0.978527,0.993367,0.949712,0.995563,0.000992,720,0.000984,720,0.769531,720,114.0,720,,0,0.104456,720
44,0.9,fp8_e4m3,0.1,720,False,simulated,720,0.989018,0.985384,0.991622,0.006238,0.987237,0.978582,0.99356,0.916223,0.99655,720,0.994479,0.992638,0.995793,0.003155,0.993562,0.989175,0.99677,0.95628,0.998272,0.001839,720,0.001839,720,0.273438,720,102.0,720,,0,2e-06,720
44,0.9,nvfp4,0.1,720,False,native,720,0.97361,0.958655,0.979369,0.020714,0.967045,0.940893,0.984807,0.829828,0.992069,720,0.986629,0.978891,0.989577,0.010686,0.983144,0.969546,0.992345,0.907001,0.996019,0.001839,720,0.001785,720,0.589844,720,102.0,720,,0,0.104629,720
44,0.9,nvfp4_sim,0.1,720,False,simulated,720,0.973244,0.958763,0.979627,0.020863,0.967031,0.940935,0.984807,0.829954,0.992516,720,0.986441,0.978948,0.989709,0.010761,0.983136,0.969569,0.992345,0.907076,0.996244,0.001839,720,0.001785,720,0.59375,720,102.0,720,,0,0.104456,720
45,0.8,fp8_e4m3,0.2,720,False,simulated,720,0.992067,0.989888,0.993649,0.003761,0.991131,0.98629,0.994931,0.960665,0.997122,720,0.996018,0.994918,0.996814,0.001896,0.995541,0.993098,0.997459,0.979938,0.998559,0.000992,720,0.000992,720,0.378906,720,114.0,720,,0,2e-06,720
45,0.8,nvfp4,0.2,720,False,native,720,0.97932,0.969672,0.984048,0.014376,0.975255,0.956446,0.986896,0.901698,0.991766,720,0.989552,0.984603,0.99196,0.007357,0.98743,0.977738,0.993405,0.948309,0.995866,0.000992,720,0.000952,720,0.763672,720,114.0,720,,0,0.104632,720
45,0.8,nvfp4_sim,0.2,720,False,simulated,720,0.979282,0.96993,0.983992,0.014063,0.975208,0.956548,0.986971,0.901424,0.991165,720,0.989533,0.984735,0.991932,0.007196,0.987406,0.977791,0.993443,0.948157,0.995563,0.000992,720,0.000963,720,0.763672,720,113.0,720,,0,0.104472,720
45,0.9,fp8_e4m3,0.1,720,False,simulated,720,0.988869,0.985088,0.991771,0.006683,0.987258,0.979185,0.993859,0.913331,0.997,720,0.994404,0.992488,0.995868,0.00338,0.993572,0.989483,0.99692,0.954703,0.998498,0.001823,720,0.001804,720,0.277344,720,101.0,720,,0,2e-06,720
45,0.9,nvfp4,0.1,720,False,native,720,0.973318,0.958223,0.979627,0.021404,0.966924,0.941926,0.98494,0.826063,0.993113,720,0.986478,0.978666,0.989709,0.011043,0.98308,0.970095,0.992413,0.904748,0.996544,0.001823,720,0.001797,720,0.591797,720,101.0,720,,0,0.104632,720
45,0.9,nvfp4_sim,0.1,720,False,simulated,720,0.973171,0.958295,0.97948,0.021185,0.96689,0.942365,0.985088,0.825187,0.992516,720,0.986403,0.978703,0.989633,0.01093,0.983063,0.970328,0.992488,0.904222,0.996244,0.001823,720,0.001785,720,0.591797,720,100.0,720,,0,0.104472,720
46,0.8,fp8_e4m3,0.2,720,False,simulated,720,0.992256,0.989888,0.9938,0.003912,0.991119,0.98614,0.994788,0.95485,0.996744,720,0.996113,0.994918,0.99689,0.001972,0.995535,0.993022,0.997387,0.976904,0.998369,0.000999,720,0.001007,720,0.375,720,115.0,720,,0,1e-06,720
46,0.8,nvfp4,0.2,720,False,native,720,0.978985,0.970077,0.983918,0.013841,0.975093,0.956061,0.986814,0.897934,0.991766,720,0.989381,0.984811,0.991894,0.007082,0.987346,0.977537,0.993363,0.946223,0.995866,0.000999,720,0.000973,720,0.765625,720,113.0,720,,0,0.104565,720
46,0.8,nvfp4_sim,0.2,720,False,simulated,720,0.978985,0.969874,0.984067,0.014192,0.975035,0.955931,0.986889,0.897047,0.991691,720,0.989381,0.984707,0.991969,0.007263,0.987316,0.977469,0.993401,0.94573,0.995828,0.000999,720,0.000977,720,0.761719,720,114.0,720,,0,0.104404,720
46,0.9,fp8_e4m3,0.1,720,False,simulated,720,0.988869,0.985384,0.991622,0.006238,0.987209,0.978582,0.99371,0.919539,0.99655,720,0.994404,0.992638,0.995793,0.003155,0.993548,0.989175,0.996845,0.958083,0.998272,0.001808,720,0.001816,720,0.277344,720,101.0,720,,0,1e-06,720
46,0.9,nvfp4,0.1,720,False,native,720,0.973318,0.957935,0.97948,0.021545,0.966633,0.941077,0.984674,0.827316,0.992218,720,0.986478,0.978516,0.989633,0.011118,0.982929,0.969644,0.992278,0.905499,0.996094,0.001808,720,0.001801,720,0.589844,720,101.0,720,,0,0.104565,720
46,0.9,nvfp4_sim,0.1,720,False,simulated,720,0.973318,0.957935,0.97948,0.021545,0.966648,0.941331,0.984644,0.82832,0.992367,720,0.986478,0.978516,0.989633,0.011118,0.982936,0.969779,0.992263,0.9061,0.996169,0.001808,720,0.001785,720,0.59375,720,101.5,720,,0,0.104404,720
47,0.8,fp8_e4m3,0.2,720,False,simulated,720,0.992067,0.989737,0.993743,0.004006,0.991077,0.98629,0.994856,0.960155,0.996819,720,0.996018,0.994842,0.996862,0.002019,0.995514,0.993098,0.997421,0.979672,0.998407,0.000999,720,0.001038,720,0.382812,720,113.0,720,,0,1e-06,720
47,0.8,nvfp4,0.2,720,False,native,720,0.978725,0.969433,0.983824,0.014391,0.974741,0.953894,0.987038,0.892418,0.991315,720,0.989248,0.984479,0.991846,0.007367,0.987162,0.976403,0.993477,0.943151,0.995639,0.000999,720,0.000999,720,0.771484,720,112.0,720,,0,0.104484,720
47,0.8,nvfp4_sim,0.2,720,False,simulated,720,0.978874,0.969433,0.983768,0.014335,0.974692,0.953902,0.986889,0.893437,0.991014,720,0.989324,0.984479,0.991818,0.007338,0.987137,0.976407,0.993401,0.94372,0.995487,0.000999,720,0.00103,720,0.769531,720,111.0,720,,0,0.104326,720
47,0.9,fp8_e4m3,0.1,720,False,simulated,720,0.988795,0.985236,0.991361,0.006125,0.987213,0.979171,0.993411,0.909763,0.997599,720,0.994366,0.992563,0.995662,0.003099,0.993551,0.989476,0.996695,0.952749,0.998798,0.001839,720,0.001823,720,0.277344,720,101.0,720,,0,1e-06,720
47,0.9,nvfp4,0.1,720,False,native,720,0.97361,0.957755,0.979369,0.021614,0.966501,0.937376,0.9842,0.820818,0.992665,720,0.986629,0.978422,0.989577,0.011155,0.982858,0.967676,0.992037,0.901593,0.996319,0.001839,720,0.001823,720,0.589844,720,102.0,720,,0,0.104484,720
47,0.9,nvfp4_sim,0.1,720,False,simulated,720,0.97383,0.957503,0.979185,0.021682,0.966476,0.938053,0.9842,0.821565,0.992665,720,0.986741,0.97829,0.989483,0.011193,0.982845,0.968036,0.992037,0.902043,0.996319,0.001839,720,0.00185,720,0.585938,720,102.0,720,,0,0.104326,720
48,0.8,fp8_e4m3,0.2,720,False,simulated,720,0.992218,0.989662,0.993649,0.003987,0.991096,0.986514,0.994788,0.960446,0.996517,720,0.996094,0.994804,0.996814,0.00201,0.995524,0.993211,0.997387,0.979824,0.998255,0.001053,720,0.001041,720,0.378906,720,111.0,720,,0,1e-06,720
48,0.8,nvfp4,0.2,720,False,native,720,0.97854,0.969672,0.983619,0.013947,0.974536,0.955401,0.987196,0.889908,0.991541,720,0.989154,0.984603,0.991742,0.007139,0.987056,0.977192,0.993557,0.941748,0.995752,0.001053,720,0.001003,720,0.773438,720,112.0,720,,0,0.104566,720
48,0.8,nvfp4_sim,0.2,720,False,simulated,720,0.97854,0.969507,0.9836,0.014094,0.974498,0.954981,0.987196,0.890044,0.991315,720,0.989154,0.984517,0.991732,0.007215,0.987037,0.976972,0.993557,0.941823,0.995639,0.001053,720,0.001026,720,0.773438,720,112.0,720,,0,0.104407,720
48,0.9,fp8_e4m3,0.1,720,False,simulated,720,0.989018,0.98494,0.991622,0.006682,0.987258,0.979597,0.99356,0.913744,0.99715,720,0.994479,0.992413,0.995793,0.00338,0.993574,0.989694,0.99677,0.954928,0.998573,0.001831,720,0.001801,720,0.273438,720,100.0,720,,0,1e-06,720
48,0.9,nvfp4,0.1,720,False,native,720,0.972879,0.959196,0.979038,0.019842,0.966206,0.936699,0.984052,0.826564,0.991771,720,0.986253,0.979173,0.989408,0.010235,0.982705,0.967315,0.991962,0.905048,0.995868,0.001831,720,0.001804,720,0.601562,720,100.0,720,,0,0.104566,720
48,0.9,nvfp4_sim,0.1,720,False,simulated,720,0.972733,0.958691,0.979038,0.020347,0.966197,0.93584,0.983772,0.825687,0.992665,720,0.986178,0.97891,0.989408,0.010498,0.9827,0.966857,0.991819,0.904522,0.996319,0.001831,720,0.001839,720,0.601562,720,99.0,720,,0,0.104407,720
49,0.8,fp8_e4m3,0.2,720,False,simulated,720,0.992256,0.989662,0.9938,0.004137,0.991186,0.986732,0.994788,0.961029,0.996366,720,0.996113,0.994804,0.99689,0.002086,0.995569,0.993321,0.997387,0.980127,0.99818,0.001072,720,0.001091,720,0.375,720,107.0,720,,0,2e-06,720
49,0.8,nvfp4,0.2,720,False,native,720,0.978466,0.968918,0.983451,0.014533,0.974314,0.953873,0.986964,0.899301,0.991917,720,0.989116,0.984214,0.991657,0.007443,0.986944,0.976392,0.993439,0.946981,0.995942,0.001072,720,0.001053,720,0.777344,720,108.0,720,,0,0.104452,720
49,0.8,nvfp4_sim,0.2,720,False,simulated,720,0.978391,0.969139,0.983227,0.014089,0.974254,0.954626,0.986964,0.899165,0.991766,720,0.989078,0.984328,0.991543,0.007215,0.986913,0.976786,0.993439,0.946905,0.995866,0.001072,720,0.001076,720,0.777344,720,107.5,720,,0,0.104275,720
49,0.9,fp8_e4m3,0.1,720,False,simulated,720,0.989241,0.985532,0.991473,0.005941,0.987495,0.980658,0.993262,0.916913,0.997599,720,0.994591,0.992713,0.995718,0.003005,0.993696,0.990234,0.99662,0.956656,0.998798,0.001839,720,0.001839,720,0.273438,720,101.0,720,,0,2e-06,720
49,0.9,nvfp4,0.1,720,False,native,720,0.97244,0.958295,0.978744,0.020449,0.966182,0.938406,0.983461,0.83969,0.992069,720,0.986028,0.978703,0.989258,0.010554,0.9827,0.968224,0.991662,0.912861,0.996019,0.001839,720,0.001854,720,0.597656,720,99.0,720,,0,0.104452,720
49,0.9,nvfp4_sim,0.1,720,False,simulated,720,0.972733,0.958655,0.978744,0.020089,0.966187,0.938123,0.983181,0.842109,0.992665,720,0.986178,0.978891,0.989258,0.010367,0.982703,0.968074,0.991519,0.914288,0.996319,0.001839,720,0.001839,720,0.597656,720,99.0,720,,0,0.104275,720
