arm,sparsity,arm_label,ladder_position,representation,native_or_simulated,n_cells,jaccard_median,jaccard_iqr,jaccard_p05,recall_median,spearman_rho_median,frac_decisions_changed_median,frac_query_blocks_changed_median,swaps_per_query_block_median,jaccard_pooling_only_median,jaccard_vs_study1_arm_median,deployed_score_ties_median,deployed_score_ties_max,exact_ties_fp64_total,reference_margin_norm_fp64_median,changed_pair_gap_fp64_median,rel_l2_median,cosine_median,sparsification_error_median,wrong_mask_excess_median,wrong_mask_excess_iqr,wrong_mask_excess_p90,abs_wrong_mask_over_sparsification_median,abs_wrong_mask_over_sparsification_p90,frac_cells_arm_worse_than_reference,random_matched_excess_median,isolation_ratio_median_of_medians,isolation_ratio_abs,frac_cells_random_worse_than_arm,pool_semantics,score_semantics,region
R0,0.9,"repr=bf16, pool=fp64/native, score=fp64/native",fp64,bf16,native,864,1.0,0.0,1.0,1.0,1.0,0.0,0.0,0.0,1.0,0.9569276001470047,0.0,0,0,0.0015675919284743526,,0.07014293968677521,0.9977937042713165,0.07014293968677521,0.0,0.0,0.0,0.0,0.0,0.0,,,,,pool=fp64_values_torch_sum_acc_fp64,score=fp64_values_torch_matmul_acc_fp64,affected
R1,0.9,"repr=nvfp4, pool=fp64/native, score=fp64/native",fp64,nvfp4,native,864,0.9569276001470047,0.030597315033132677,0.9131112836918579,0.9779897836538461,0.9996383519784451,0.0044708251953125,0.78125,1.14453125,0.9569276001470047,,0.0,0,0,0.0015675919284743526,0.005430668129915087,0.07020052149891853,0.9978066682815552,0.07014293968677521,2.3171654902398586e-05,0.0005951393395662308,0.0013001514598727226,0.004008077938699892,0.03959810147618988,0.5428240740740741,0.003715215250849724,160.33448048914053,160.33448048914053,0.7118055555555556,pool=fp64_values_torch_sum_acc_fp64,score=fp64_values_torch_matmul_acc_fp64,affected
R2,0.9,"repr=bf16, pool=fp32/native, score=fp32/native",fp32,bf16,native,864,1.0,0.0,1.0,1.0,0.9999999993015054,0.0,0.0,0.0,1.0,0.9569276001470047,0.0,1,0,0.0015675919284743526,3.293397041918354e-07,0.07014293968677521,0.9977937042713165,0.07014293968677521,0.0,0.0,0.0,0.0,0.0,0.0023148148148148147,0.0,,,0.0,pool=fp32_values_torch_sum_acc_fp32,score=fp32_values_torch_matmul_acc_fp32_tf32_disabled,affected
R3,0.9,"repr=nvfp4, pool=fp32/native, score=fp32/native",fp32,nvfp4,native,864,0.9569276001470047,0.030597315033132677,0.9131112836918579,0.9779897836538461,0.9996383532443509,0.0044708251953125,0.78125,1.14453125,0.9569276001470047,1.0,0.0,1,0,0.0015675919284743526,0.005430668129915087,0.07020052149891853,0.9978066682815552,0.07014293968677521,2.3171654902398586e-05,0.0005951393395662308,0.0013001514598727226,0.004008077938699892,0.03959810147618988,0.5428240740740741,0.004239508882164955,182.96098832915501,182.96098832915501,0.7118055555555556,pool=fp32_values_torch_sum_acc_fp32,score=fp32_values_torch_matmul_acc_fp32_tf32_disabled,affected
R4,0.9,"repr=bf16, pool=bf16/native, score=bf16/native",bf16_acc_fp32,bf16,native,864,0.9902818270165209,0.007911381471612189,0.9718998403528696,0.9951171875,0.9999893422104201,0.0009918212890625,0.25,0.25390625,0.9962510309664843,0.9553466509988249,97.0,235,0,0.0015675919284743526,0.0008437948511474658,0.07013443112373352,0.9977942109107971,0.07014293968677521,-2.3399479687213898e-08,0.00016636447980999947,0.0004735950380563736,0.0010773420626176223,0.005126253439387893,0.4930555555555556,0.0007080212235450745,-30257.990049751243,30257.990049751243,0.7083333333333334,pool=bf16_values_torch_sum_acc_fp32,score=bf16_values_torch_matmul_acc_fp32,affected
R5,0.9,"repr=nvfp4, pool=bf16/native, score=bf16/native",bf16_acc_fp32,nvfp4,native,864,0.9550594800998679,0.029829437244054624,0.9104888932686931,0.9770132211538461,0.9996262103020468,0.004669189453125,0.794921875,1.1953125,0.956280541969649,0.9902818270165209,95.0,239,0,0.0015675919284743526,0.005894752836106173,0.06949786469340324,0.9978060126304626,0.07014293968677521,5.1009468734264374e-05,0.0006617880426347256,0.0015863507986068725,0.004683240577288849,0.04045158294516189,0.5763888888888888,0.00445019593462348,87.24254623797265,87.24254623797265,0.7129629629629629,pool=bf16_values_torch_sum_acc_fp32,score=bf16_values_torch_matmul_acc_fp32,affected
R4L,0.9,"repr=bf16, pool=bf16/low, score=bf16/low",bf16_acc_bf16,bf16,native,864,0.9474800672957355,0.022432836880686424,0.8857059900083699,0.9730318509615384,0.9993719089399576,0.0054779052734375,0.8671875,1.40234375,0.9616858237547893,0.9300445855216584,97.0,231,0,0.0015675919284743526,0.007397391768176631,0.07009304687380791,0.997733473777771,0.07014293968677521,2.617761492729187e-05,0.0008214004337787628,0.0017403841018676757,0.005831107821323329,0.040359934524512066,0.5393518518518519,0.006246450822800398,238.6180268962573,238.6180268962573,0.7268518518518519,pool=bf16_values_sequential_acc_bf16,score=bf16_values_sequential_rank1_acc_bf16,affected
R5L,0.9,"repr=nvfp4, pool=bf16/low, score=bf16/low",bf16_acc_bf16,nvfp4,native,864,0.9245337574092815,0.03634012958229216,0.8565611295032705,0.9607872596153846,0.998732036101103,0.007965087890625,0.94140625,2.0390625,0.937770663798473,0.9392526768155001,97.0,233,0,0.0015675919284743526,0.01109585814702043,0.07045073062181473,0.9977784752845764,0.07014293968677521,8.944934234023094e-05,0.001038053072988987,0.0023663215339183807,0.007701941061501219,0.06851646223546162,0.5763888888888888,0.007769804447889328,86.86262240292362,86.86262240292362,0.7303240740740741,pool=bf16_values_sequential_acc_bf16,score=bf16_values_sequential_rank1_acc_bf16,affected
R6,0.9,"repr=bf16, pool=fp32+fp8_e4m3/native, score=fp8_e4m3/native",fp8,bf16,native,864,0.9542701975162122,0.02330418076824259,0.8809300139019147,0.9766000600961539,0.9993967249298352,0.00475311279296875,0.82421875,1.216796875,0.9542701975162122,0.9347431145992297,0.0,0,0,0.0015675919284743526,0.006084538243000614,0.07053249329328537,0.9977866411209106,0.07014293968677521,8.347444236278534e-06,0.0004736012779176235,0.000965464860200882,0.00331833283578101,0.03109552745736538,0.5370370370370371,0.005154598504304886,617.506192123173,617.506192123173,0.7118055555555556,pool=fp32_values_torch_sum_acc_fp32+pooled_rounded_to_fp8_e4m3_per_head_amax,score=fp8_e4m3_torch_scaled_mm_acc_fp32_native,affected
R7,0.9,"repr=nvfp4, pool=fp32+fp8_e4m3/native, score=fp8_e4m3/native",fp8,nvfp4,native,864,0.9347431145992297,0.03390481178372573,0.8707272596842766,0.9662710336538461,0.9988864107152757,0.0068511962890625,0.91796875,1.75390625,0.9347431145992297,0.9540550458715596,0.0,1,0,0.0015675919284743526,0.009364934658961117,0.06977580115199089,0.9978136420249939,0.07014293968677521,5.219085142016411e-05,0.0008081467822194099,0.0017271872609853744,0.005526984687191011,0.052109096688256716,0.5717592592592593,0.007141810841858387,136.84028230087705,136.84028230087705,0.7013888888888888,pool=fp32_values_torch_sum_acc_fp32+pooled_rounded_to_fp8_e4m3_per_head_amax,score=fp8_e4m3_torch_scaled_mm_acc_fp32_native,affected
R8,0.9,"repr=bf16, pool=fp32+nvfp4/native, score=fp32/native",nvfp4_like,bf16,simulated,864,0.8790980014226109,0.04391078488390132,0.7498931851280283,0.9356595552884616,0.9946081316686758,0.01306915283203125,0.99609375,3.345703125,0.8790980014226109,0.8892318632971329,0.0,3,0,0.0015675919284743526,0.020201826993863164,0.0706399530172348,0.9976993799209595,0.07014293968677521,0.0003076363354921341,0.0017678970471024513,0.0041924923658370975,0.013648183307557623,0.11301285263050513,0.6412037037037037,0.012328972574323416,40.07645115977743,40.07645115977743,0.6990740740740741,pool=fp32_values_torch_sum_acc_fp32+pooled_rounded_to_nvfp4_e2m1_per16_e4m3_sf,score=fp32_values_torch_matmul_acc_fp32_tf32_disabled,affected
R9,0.9,"repr=nvfp4, pool=fp32+nvfp4/native, score=fp32/native",nvfp4_like,nvfp4,simulated,864,0.8749295867631898,0.04799503259167226,0.7451610760759423,0.9332932692307692,0.994478480440077,0.0135498046875,0.99609375,3.46875,0.8749295867631898,0.8916480183026485,0.0,2,0,0.0015675919284743526,0.021034306055306144,0.07060010731220245,0.9977308511734009,0.07014293968677521,0.0003992081619799137,0.0020931395702064037,0.00473946388810873,0.015634367336357247,0.09971757572129174,0.6655092592592593,0.01155597809702158,28.947249073537286,28.947249073537286,0.6990740740740741,pool=fp32_values_torch_sum_acc_fp32+pooled_rounded_to_nvfp4_e2m1_per16_e4m3_sf,score=fp32_values_torch_matmul_acc_fp32_tf32_disabled,affected
R0,0.9,"repr=bf16, pool=fp64/native, score=fp64/native",fp64,bf16,native,4320,1.0,0.0,1.0,1.0,1.0,0.0,0.0,0.0,1.0,0.9737563940988954,0.0,0,0,0.0016785750226894426,,0.15144270658493042,0.9904702007770538,0.15144270658493042,0.0,0.0,0.0,0.0,0.0,0.0,,,,,pool=fp64_values_torch_sum_acc_fp64,score=fp64_values_torch_matmul_acc_fp64,all
R1,0.9,"repr=nvfp4, pool=fp64/native, score=fp64/native",fp64,nvfp4,native,4320,0.9737563940988954,0.018685462447666334,0.9346025287022236,0.9867037259615384,0.9997305223566662,0.0027008056640625,0.58203125,0.69140625,0.9737563940988954,,0.0,0,0,0.0016785750226894426,0.003114376089245197,0.15149404853582382,0.9904647469520569,0.15144270658493042,2.652546390891075e-05,0.00041032955050468445,0.0007519006729125976,0.0014766523887477074,0.011102464012784283,0.5472222222222223,0.0008171573281288147,30.80652353281955,30.80652353281955,0.6516203703703703,pool=fp64_values_torch_sum_acc_fp64,score=fp64_values_torch_matmul_acc_fp64,all
R2,0.9,"repr=bf16, pool=fp32/native, score=fp32/native",fp32,bf16,native,4320,1.0,0.0,1.0,1.0,0.9999999992141936,0.0,0.0,0.0,1.0,0.9737563940988954,0.0,1,0,0.0016785750226894426,7.298292666209903e-08,0.15144270658493042,0.9904702007770538,0.15144270658493042,0.0,0.0,0.0,0.0,0.0,0.0030092592592592593,0.0,,,0.002777777777777778,pool=fp32_values_torch_sum_acc_fp32,score=fp32_values_torch_matmul_acc_fp32_tf32_disabled,all
R3,0.9,"repr=nvfp4, pool=fp32/native, score=fp32/native",fp32,nvfp4,native,4320,0.9737563940988954,0.018685462447666334,0.9346025287022236,0.9867037259615384,0.999730524757722,0.0027008056640625,0.58203125,0.69140625,0.9737563940988954,1.0,0.0,1,0,0.0016785750226894426,0.0031100879814901696,0.15149404853582382,0.9904647469520569,0.15144270658493042,2.652546390891075e-05,0.00041032955050468445,0.0007487684488296509,0.0014766523887477074,0.011102464012784283,0.5472222222222223,0.0008083023130893707,30.472692800589858,30.472692800589858,0.6504629629629629,pool=fp32_values_torch_sum_acc_fp32,score=fp32_values_torch_matmul_acc_fp32_tf32_disabled,all
R4,0.9,"repr=bf16, pool=bf16/native, score=bf16/native",bf16_acc_fp32,bf16,native,4320,0.9904306220095693,0.008473749589411494,0.9687939066775124,0.9951923076923077,0.9999887378669607,0.0009765625,0.2421875,0.25,0.9967001649917504,0.9715639810426541,95.0,247,0,0.0016785750226894426,0.0009490144026898763,0.15140491724014282,0.9904767870903015,0.15144270658493042,-5.131587386131287e-06,0.00019221287220716476,0.0003142751753330231,0.0007311133696619684,0.003281115758419059,0.46458333333333335,0.00031855516135692596,-62.077313974591654,62.077313974591654,0.6833333333333333,pool=bf16_values_torch_sum_acc_fp32,score=bf16_values_torch_matmul_acc_fp32,all
R5,0.9,"repr=nvfp4, pool=bf16/native, score=bf16/native",bf16_acc_fp32,nvfp4,native,4320,0.9715639810426541,0.01951511619373658,0.9323489177830944,0.9855769230769231,0.9997278779666838,0.0029296875,0.6171875,0.75,0.9736100815418829,0.9904306220095693,95.0,240,0,0.0016785750226894426,0.00348346294622248,0.15148421376943588,0.9904742240905762,0.15144270658493042,2.5807879865169525e-05,0.00046898797154426575,0.0008246004581451416,0.001752613316534088,0.011355662833553045,0.5416666666666666,0.0009121224284172058,35.34278806250226,35.34278806250226,0.6699074074074074,pool=bf16_values_torch_sum_acc_fp32,score=bf16_values_torch_matmul_acc_fp32,all
R4L,0.9,"repr=bf16, pool=bf16/low, score=bf16/low",bf16_acc_bf16,bf16,native,4320,0.9541267595770012,0.027222917306128913,0.8896944794979458,0.9765249399038461,0.9995732027467887,0.00476837158203125,0.81640625,1.220703125,0.9810997842101347,0.9473376243417203,96.0,249,0,0.0016785750226894426,0.006735596250979082,0.1515042632818222,0.9904171228408813,0.15144270658493042,-2.695247530937195e-06,0.0005725529044866562,0.0007563844323158264,0.0021528047009067392,0.014333363888897712,0.4962962962962963,0.0017550326883792877,-651.1582584657913,651.1582584657913,0.6729166666666667,pool=bf16_values_sequential_acc_bf16,score=bf16_values_sequential_rank1_acc_bf16,all
R5L,0.9,"repr=nvfp4, pool=bf16/low, score=bf16/low",bf16_acc_bf16,nvfp4,native,4320,0.9457721259957612,0.03500582660739937,0.8753059632713516,0.9721304086538461,0.9993135424116454,0.0056610107421875,0.8671875,1.44921875,0.9667577749870725,0.9520492704743749,95.0,243,0,0.0016785750226894426,0.008259077934988836,0.15174803882837296,0.9904402196407318,0.15144270658493042,3.182515501976013e-05,0.0007152189500629902,0.0010117962956428528,0.002662070794562604,0.01963322871642677,0.5342592592592592,0.001989595592021942,62.51644621327402,62.51644621327402,0.6736111111111112,pool=bf16_values_sequential_acc_bf16,score=bf16_values_sequential_rank1_acc_bf16,all
R6,0.9,"repr=bf16, pool=fp32+fp8_e4m3/native, score=fp8_e4m3/native",fp8,bf16,native,4320,0.9586551901714118,0.02069511678435554,0.9092147723198278,0.9788912259615384,0.9993137926229225,0.0042877197265625,0.779296875,1.09765625,0.9586551901714118,0.9513339196716506,0.0,1,0,0.0016785750226894426,0.005785615664380369,0.15140420198440552,0.9904709458351135,0.15144270658493042,1.0293908417224884e-05,0.00046442076563835144,0.0006648167967796325,0.00172138998264721,0.011205025018268307,0.5212962962962963,0.0014316756278276443,139.07988781326335,139.07988781326335,0.6615740740740741,pool=fp32_values_torch_sum_acc_fp32+pooled_rounded_to_fp8_e4m3_per_head_amax,score=fp8_e4m3_torch_scaled_mm_acc_fp32_native,all
R7,0.9,"repr=nvfp4, pool=fp32+fp8_e4m3/native, score=fp8_e4m3/native",fp8,nvfp4,native,4320,0.9511909124221326,0.027645434389686807,0.8951961687241191,0.9749849759615384,0.9990671798945476,0.0050811767578125,0.8359375,1.30078125,0.9511909124221326,0.9586551901714118,0.0,1,0,0.0016785750226894426,0.007155713628812354,0.15134494006633759,0.9904667437076569,0.15144270658493042,4.65884804725647e-05,0.0006194030866026878,0.0010108958929777145,0.002286226659712345,0.016056237939533136,0.5578703703703703,0.0016076043248176575,34.50647689109228,34.50647689109228,0.6560185185185186,pool=fp32_values_torch_sum_acc_fp32+pooled_rounded_to_fp8_e4m3_per_head_amax,score=fp8_e4m3_torch_scaled_mm_acc_fp32_native,all
R8,0.9,"repr=bf16, pool=fp32+nvfp4/native, score=fp32/native",nvfp4_like,bf16,simulated,4320,0.8847515220161405,0.0485660068484044,0.7757561007016915,0.9388521634615384,0.9938393988454595,0.012420654296875,0.9921875,3.1796875,0.8847515220161405,0.8884948219605617,0.0,3,0,0.0016785750226894426,0.02061390397393173,0.15216714143753052,0.9903858304023743,0.15144270658493042,0.0002780621871352196,0.001730324700474739,0.002541280165314674,0.00724634645276746,0.03944361724304736,0.6006944444444444,0.004541702568531036,16.33340590219281,16.33340590219281,0.6597222222222222,pool=fp32_values_torch_sum_acc_fp32+pooled_rounded_to_nvfp4_e2m1_per16_e4m3_sf,score=fp32_values_torch_matmul_acc_fp32_tf32_disabled,all
R9,0.9,"repr=nvfp4, pool=fp32+nvfp4/native, score=fp32/native",nvfp4_like,nvfp4,simulated,4320,0.8819537711175515,0.050573866613748186,0.7711489787218873,0.9372746394230769,0.99358946966982,0.0127410888671875,0.9921875,3.26171875,0.8819537711175515,0.8895670688431512,0.0,2,0,0.0016785750226894426,0.02113352391784278,0.15215444564819336,0.9903677701950073,0.15144270658493042,0.00032051093876361847,0.0018449705094099045,0.002817210555076599,0.007773327062931807,0.04430330861244182,0.6150462962962963,0.004550240933895111,14.196835064187873,14.196835064187873,0.6618055555555555,pool=fp32_values_torch_sum_acc_fp32+pooled_rounded_to_nvfp4_e2m1_per16_e4m3_sf,score=fp32_values_torch_matmul_acc_fp32_tf32_disabled,all
R0,0.9,"repr=bf16, pool=fp64/native, score=fp64/native",fp64,bf16,native,864,1.0,0.0,1.0,1.0,1.0,0.0,0.0,0.0,1.0,0.9741954619605517,0.0,0,0,0.0017112172951748367,,0.14754842966794968,0.9913749992847443,0.14754842966794968,0.0,0.0,0.0,0.0,0.0,0.0,,,,,pool=fp64_values_torch_sum_acc_fp64,score=fp64_values_torch_matmul_acc_fp64,broad
R1,0.9,"repr=nvfp4, pool=fp64/native, score=fp64/native",fp64,nvfp4,native,864,0.9741954619605517,0.017432276890103737,0.9429819389003233,0.9869290865384616,0.9997293406784342,0.002655029296875,0.576171875,0.6796875,0.9741954619605517,,0.0,0,0,0.0017112172951748367,0.0030860568492472613,0.1474638283252716,0.9913893043994904,0.14754842966794968,4.337076097726822e-05,0.0004156883805990219,0.0007638024166226387,0.001514841932938118,0.007860416254674124,0.5671296296296297,0.0010491088032722473,24.189310485516117,24.189310485516117,0.6828703703703703,pool=fp64_values_torch_sum_acc_fp64,score=fp64_values_torch_matmul_acc_fp64,broad
R2,0.9,"repr=bf16, pool=fp32/native, score=fp32/native",fp32,bf16,native,864,1.0,0.0,1.0,1.0,0.9999999991268818,0.0,0.0,0.0,1.0,0.9741954619605517,0.0,1,0,0.0017112172951748367,6.835215155336105e-08,0.14755266159772873,0.9913749992847443,0.14754842966794968,0.0,0.0,0.0,0.0,0.0,0.003472222222222222,0.0,,,0.006944444444444444,pool=fp32_values_torch_sum_acc_fp32,score=fp32_values_torch_matmul_acc_fp32_tf32_disabled,broad
R3,0.9,"repr=nvfp4, pool=fp32/native, score=fp32/native",fp32,nvfp4,native,864,0.9741954619605517,0.017432276890103737,0.9429819389003233,0.9869290865384616,0.9997293422500471,0.002655029296875,0.576171875,0.6796875,0.9741954619605517,1.0,0.0,1,0,0.0017112172951748367,0.0030860568492472613,0.1474638283252716,0.9913893043994904,0.14754842966794968,4.337076097726822e-05,0.0004156883805990219,0.0007638024166226387,0.001514841932938118,0.0077387690219860765,0.5671296296296297,0.0010151676833629608,23.40672979879319,23.40672979879319,0.6759259259259259,pool=fp32_values_torch_sum_acc_fp32,score=fp32_values_torch_matmul_acc_fp32_tf32_disabled,broad
R4,0.9,"repr=bf16, pool=bf16/native, score=bf16/native",bf16_acc_fp32,bf16,native,864,0.9905050306309529,0.009957413075461496,0.96553813811924,0.9952298677884616,0.9999883388834241,0.00096893310546875,0.23828125,0.248046875,0.9967001649917504,0.9717099903725098,92.0,247,0,0.0017112172951748367,0.0009838115421151475,0.14750007539987564,0.9913795292377472,0.14754842966794968,-1.3880431652069092e-05,0.00023606698960065842,0.0003136947751045227,0.0007932688110707068,0.003625680625793379,0.44212962962962965,0.0004347972571849823,-31.324476650563607,31.324476650563607,0.7384259259259259,pool=bf16_values_torch_sum_acc_fp32,score=bf16_values_torch_matmul_acc_fp32,broad
R5,0.9,"repr=nvfp4, pool=bf16/native, score=bf16/native",bf16_acc_fp32,nvfp4,native,864,0.9718560213301733,0.018985452022512672,0.9362134723050375,0.9857271634615384,0.9997287859992461,0.002899169921875,0.61328125,0.7421875,0.9740490843034033,0.9905794392523365,93.0,240,0,0.0017112172951748367,0.0035006797746958917,0.14748326689004898,0.9914105236530304,0.14754842966794968,3.431178629398346e-05,0.0004922356456518173,0.000804433599114418,0.0019392630301596112,0.008179969111685132,0.5555555555555556,0.0012682601809501648,36.962814179469085,36.962814179469085,0.7152777777777778,pool=bf16_values_torch_sum_acc_fp32,score=bf16_values_torch_matmul_acc_fp32,broad
R4L,0.9,"repr=bf16, pool=bf16/low, score=bf16/low",bf16_acc_bf16,bf16,native,864,0.9545571365761956,0.03203813054633964,0.875821282748715,0.9767503004807693,0.9995048036447176,0.00472259521484375,0.80859375,1.208984375,0.9819108971514303,0.9479075212174422,93.0,249,0,0.0017112172951748367,0.006912878649353231,0.14766018092632294,0.9913837611675262,0.14754842966794968,-7.849186658859253e-06,0.0005909865722060204,0.0007637360133230687,0.002297698109976538,0.01040529630448707,0.49189814814814814,0.0024760961532592773,-315.4589463692454,315.4589463692454,0.71875,pool=bf16_values_sequential_acc_bf16,score=bf16_values_sequential_rank1_acc_bf16,broad
R5L,0.9,"repr=nvfp4, pool=bf16/low, score=bf16/low",bf16_acc_bf16,nvfp4,native,864,0.9459143400087706,0.03600694179106623,0.865098408505833,0.9722055288461539,0.9992688100078151,0.005645751953125,0.86328125,1.4453125,0.9676298869263174,0.9525503308128799,93.0,243,0,0.0017112172951748367,0.008563403770035102,0.14762087166309357,0.9913640022277832,0.14754842966794968,3.5256147384643555e-05,0.0007555172778666019,0.0008994631469249725,0.002811714912255037,0.014071599514834585,0.5266203703703703,0.002556305378675461,72.50665680473372,72.50665680473372,0.7118055555555556,pool=bf16_values_sequential_acc_bf16,score=bf16_values_sequential_rank1_acc_bf16,broad
R6,0.9,"repr=bf16, pool=fp32+fp8_e4m3/native, score=fp8_e4m3/native",fp8,bf16,native,864,0.9583670467083486,0.022167889019694575,0.9067535629878967,0.9787409855769231,0.9992540157610063,0.0043182373046875,0.78125,1.10546875,0.9583670467083486,0.9519061583577713,0.0,1,0,0.0017112172951748367,0.005895917601761391,0.14756491035223007,0.9913395345211029,0.14754842966794968,-4.252884536981583e-06,0.000483514741063118,0.0006909530609846115,0.0018658703586256946,0.010320357160347255,0.49074074074074076,0.0018988549709320068,-446.48636811562466,446.48636811562466,0.6990740740740741,pool=fp32_values_torch_sum_acc_fp32+pooled_rounded_to_fp8_e4m3_per_head_amax,score=fp8_e4m3_torch_scaled_mm_acc_fp32_native,broad
R7,0.9,"repr=nvfp4, pool=fp32+fp8_e4m3/native, score=fp8_e4m3/native",fp8,nvfp4,native,864,0.9516915321458446,0.027810327830373738,0.8963031096344338,0.9752478966346154,0.9990002513209151,0.00502777099609375,0.8359375,1.287109375,0.9516915321458446,0.9582230067666961,0.0,1,0,0.0017112172951748367,0.007138590564650972,0.14746078848838806,0.9913759529590607,0.14754842966794968,5.603395402431488e-05,0.0006241761147975922,0.0010350756347179413,0.0025181400157633788,0.012440832958725065,0.5659722222222222,0.0020342394709587097,36.303693115713195,36.303693115713195,0.6828703703703703,pool=fp32_values_torch_sum_acc_fp32+pooled_rounded_to_fp8_e4m3_per_head_amax,score=fp8_e4m3_torch_scaled_mm_acc_fp32_native,broad
R8,0.9,"repr=bf16, pool=fp32+nvfp4/native, score=fp32/native",nvfp4_like,bf16,simulated,864,0.8822198656769177,0.052557854216688904,0.7672634458845884,0.9374248798076923,0.9933366505729802,0.0127105712890625,0.9921875,3.25390625,0.8822198656769177,0.8856191815139907,0.0,1,0,0.0017112172951748367,0.021312213880367366,0.14801191538572311,0.9913149476051331,0.14754842966794968,0.00030274689197540283,0.001897808164358139,0.002592291682958603,0.007879343751806264,0.03577578252292065,0.6099537037037037,0.005516991019248962,18.2231136486686,18.2231136486686,0.7048611111111112,pool=fp32_values_torch_sum_acc_fp32+pooled_rounded_to_nvfp4_e2m1_per16_e4m3_sf,score=fp32_values_torch_matmul_acc_fp32_tf32_disabled,broad
R9,0.9,"repr=nvfp4, pool=fp32+nvfp4/native, score=fp32/native",nvfp4_like,nvfp4,simulated,864,0.8791643139469226,0.05444966912260729,0.7611728455105659,0.9356971153846154,0.9931906454835211,0.0130615234375,0.9921875,3.34375,0.8791643139469226,0.8868218726075897,0.0,2,0,0.0017112172951748367,0.02179250464638997,0.14801325649023056,0.9913155734539032,0.14754842966794968,0.0003395378589630127,0.0018134042620658875,0.002404375374317169,0.007834302058701618,0.037143603798268254,0.6342592592592593,0.005517233163118362,16.249242956201176,16.249242956201176,0.7025462962962963,pool=fp32_values_torch_sum_acc_fp32+pooled_rounded_to_nvfp4_e2m1_per16_e4m3_sf,score=fp32_values_torch_matmul_acc_fp32_tf32_disabled,broad
R0,0.9,"repr=bf16, pool=fp64/native, score=fp64/native",fp64,bf16,native,720,1.0,0.0,1.0,1.0,1.0,0.0,0.0,0.0,1.0,0.9776415997567321,0.0,0,0,0.0016967565966910137,,0.1820780113339424,0.9860423803329468,0.1820780113339424,0.0,0.0,0.0,0.0,0.0,0.0,,,,,pool=fp64_values_torch_sum_acc_fp64,score=fp64_values_torch_matmul_acc_fp64,unaffected
R1,0.9,"repr=nvfp4, pool=fp64/native, score=fp64/native",fp64,nvfp4,native,720,0.9776415997567321,0.014658611191619486,0.9539116395126964,0.9886944110576923,0.9997635035252295,0.00229644775390625,0.5234375,0.587890625,0.9776415997567321,,0.0,0,0,0.0016967565966910137,0.002594306761397474,0.18193743377923965,0.9860808253288269,0.1820780113339424,3.1758099794387817e-06,0.0003406275063753128,0.0004000604152679443,0.0009833558173190564,0.004053578828404983,0.5055555555555555,0.0003276541829109192,103.17184750733138,103.17184750733138,0.5694444444444444,pool=fp64_values_torch_sum_acc_fp64,score=fp64_values_torch_matmul_acc_fp64,unaffected
R2,0.9,"repr=bf16, pool=fp32/native, score=fp32/native",fp32,bf16,native,720,1.0,0.0,1.0,1.0,0.9999999993015054,0.0,0.0,0.0,1.0,0.9776415997567321,0.0,0,0,0.0016967565966910137,5.506388999045281e-08,0.1820780113339424,0.9860423803329468,0.1820780113339424,0.0,0.0,0.0,0.0,0.0,0.004166666666666667,0.0,,,0.001388888888888889,pool=fp32_values_torch_sum_acc_fp32,score=fp32_values_torch_matmul_acc_fp32_tf32_disabled,unaffected
R3,0.9,"repr=nvfp4, pool=fp32/native, score=fp32/native",fp32,nvfp4,native,720,0.9776415997567321,0.014658611191619486,0.9539116395126964,0.9886944110576923,0.9997635051404536,0.00229644775390625,0.5234375,0.587890625,0.9776415997567321,1.0,0.0,0,0,0.0016967565966910137,0.002594306761397474,0.18193743377923965,0.9860808253288269,0.1820780113339424,3.1758099794387817e-06,0.0003406275063753128,0.0004000604152679443,0.0009833558173190564,0.004053578828404983,0.5055555555555555,0.0003388598561286926,106.70029325513197,106.70029325513197,0.575,pool=fp32_values_torch_sum_acc_fp32,score=fp32_values_torch_matmul_acc_fp32_tf32_disabled,unaffected
R4,0.9,"repr=bf16, pool=bf16/native, score=bf16/native",bf16_acc_fp32,bf16,native,720,0.9901330542682015,0.008177644585265265,0.9716516168993288,0.9950420673076923,0.9999882816896377,0.001007080078125,0.25,0.2578125,0.996999699969997,0.9747811897344608,98.0,222,0,0.0016967565966910137,0.000994535575473569,0.18208280950784683,0.9860483109951019,0.1820780113339424,-3.975816071033478e-06,0.00017573684453964233,0.00026400089263916015,0.0005560695264945302,0.0019922453089795404,0.4847222222222222,0.00015065446496009827,-37.892714921527286,37.892714921527286,0.5861111111111111,pool=bf16_values_torch_sum_acc_fp32,score=bf16_values_torch_matmul_acc_fp32,unaffected
R5,0.9,"repr=nvfp4, pool=bf16/native, score=bf16/native",bf16_acc_fp32,nvfp4,native,720,0.9750741839762611,0.015975731149826422,0.9501476120629103,0.9873798076923077,0.9997625692216342,0.0025634765625,0.56640625,0.65625,0.9775681497437421,0.9901330542682015,98.0,217,0,0.0016967565966910137,0.003019062960213515,0.1821337193250656,0.9860507547855377,0.1820780113339424,4.76837158203125e-06,0.00038216356188058853,0.0005429260432720185,0.0011517880013763148,0.004612786054638255,0.5083333333333333,0.0003566369414329529,74.7921875,74.7921875,0.5833333333333334,pool=bf16_values_torch_sum_acc_fp32,score=bf16_values_torch_matmul_acc_fp32,unaffected
R4L,0.9,"repr=bf16, pool=bf16/low, score=bf16/low",bf16_acc_bf16,bf16,native,720,0.958006989225916,0.02397438925997608,0.8992452742107826,0.9785531850961539,0.9996936862635452,0.00435638427734375,0.78515625,1.115234375,0.9847920083494857,0.951977714416073,100.0,220,0,0.0016967565966910137,0.006302283969267603,0.18224402517080307,0.9861060678958893,0.1820780113339424,-3.0621886253356934e-05,0.00047088414430618286,0.0005996078252792358,0.00140152945861308,0.006972018334860791,0.4666666666666667,0.0006517320871353149,-21.283211678832117,21.283211678832117,0.5777777777777777,pool=bf16_values_sequential_acc_bf16,score=bf16_values_sequential_rank1_acc_bf16,unaffected
R5L,0.9,"repr=nvfp4, pool=bf16/low, score=bf16/low",bf16_acc_bf16,nvfp4,native,720,0.9513339196716506,0.026950597031336843,0.893073903340494,0.9750600961538461,0.9994716445577146,0.00506591796875,0.8359375,1.296875,0.9725134311194512,0.9568556860061792,99.0,233,0,0.0016967565966910137,0.007538489438546228,0.18192967027425766,0.9860339760780334,0.1820780113339424,1.5508383512496948e-05,0.0005782581865787506,0.0008422940969467163,0.001664611724002695,0.007431071876954286,0.5208333333333334,0.0008271634578704834,53.3365361518136,53.3365361518136,0.5805555555555556,pool=bf16_values_sequential_acc_bf16,score=bf16_values_sequential_rank1_acc_bf16,unaffected
R6,0.9,"repr=bf16, pool=fp32+fp8_e4m3/native, score=fp8_e4m3/native",fp8,bf16,native,720,0.9613967879770149,0.018001438419966043,0.9234075773472032,0.9803185096153846,0.9993266158485195,0.003997802734375,0.75390625,1.0234375,0.9613967879770149,0.956064947468959,0.0,1,0,0.0016967565966910137,0.005365554749998099,0.182245172560215,0.986098974943161,0.1820780113339424,-7.186084985733032e-06,0.00045900698751211166,0.00046995580196380616,0.0012162005871500115,0.004879140127949824,0.4875,0.000564873218536377,-78.60653188180405,78.60653188180405,0.5902777777777778,pool=fp32_values_torch_sum_acc_fp32+pooled_rounded_to_fp8_e4m3_per_head_amax,score=fp8_e4m3_torch_scaled_mm_acc_fp32_native,unaffected
R7,0.9,"repr=nvfp4, pool=fp32+fp8_e4m3/native, score=fp8_e4m3/native",fp8,nvfp4,native,720,0.956064947468959,0.022367199960557693,0.9124994168202265,0.9775390625,0.9991616940276469,0.0045623779296875,0.80078125,1.16796875,0.956064947468959,0.9613967879770149,0.0,1,0,0.0016967565966910137,0.006249962945733109,0.1820017695426941,0.9860733449459076,0.1820780113339424,2.156756818294525e-05,0.0005356417968869209,0.0006577998399734497,0.0015592959080637397,0.0065597280992637065,0.5180555555555556,0.0006575360894203186,30.487261421538992,30.487261421538992,0.5805555555555556,pool=fp32_values_torch_sum_acc_fp32+pooled_rounded_to_fp8_e4m3_per_head_amax,score=fp8_e4m3_torch_scaled_mm_acc_fp32_native,unaffected
R8,0.9,"repr=bf16, pool=fp32+nvfp4/native, score=fp32/native",nvfp4_like,bf16,simulated,720,0.8902378512035634,0.045839635689755465,0.800007437320555,0.9419320913461539,0.9935131199448177,0.0117950439453125,0.98828125,3.01953125,0.8902378512035634,0.8920513117730842,0.0,2,0,0.0016967565966910137,0.020084913917931893,0.18223649263381958,0.986061304807663,0.1820780113339424,0.0001148805022239685,0.0015786774456501007,0.0018541615456342698,0.004578615149664646,0.02004344261991572,0.5458333333333333,0.0016669854521751404,14.51060380050587,14.51060380050587,0.5819444444444445,pool=fp32_values_torch_sum_acc_fp32+pooled_rounded_to_nvfp4_e2m1_per16_e4m3_sf,score=fp32_values_torch_matmul_acc_fp32_tf32_disabled,unaffected
R9,0.9,"repr=nvfp4, pool=fp32+nvfp4/native, score=fp32/native",nvfp4_like,nvfp4,simulated,720,0.8882939135062644,0.046905456201357554,0.7982870945539133,0.9408428485576923,0.9933743040987395,0.01201629638671875,0.98828125,3.076171875,0.8882939135062644,0.8933295406058882,0.0,2,0,0.0016967565966910137,0.020457567984103434,0.18196319043636322,0.9860181212425232,0.1820780113339424,0.00018729642033576965,0.0017080157995224,0.002079331874847412,0.004813079834648541,0.024932325385556654,0.5652777777777778,0.0018211975693702698,9.723611193985322,9.723611193985322,0.5833333333333334,pool=fp32_values_torch_sum_acc_fp32+pooled_rounded_to_nvfp4_e2m1_per16_e4m3_sf,score=fp32_values_torch_matmul_acc_fp32_tf32_disabled,unaffected
