arm,cfg_branch,sparsity,arm_label,ladder_position,representation,native_or_simulated,n_cells,jaccard_median,jaccard_iqr,jaccard_p05,recall_median,spearman_rho_median,frac_decisions_changed_median,frac_query_blocks_changed_median,swaps_per_query_block_median,jaccard_pooling_only_median,jaccard_vs_study1_arm_median,deployed_score_ties_median,deployed_score_ties_max,exact_ties_fp64_total,reference_margin_norm_fp64_median,changed_pair_gap_fp64_median,rel_l2_median,cosine_median,sparsification_error_median,wrong_mask_excess_median,wrong_mask_excess_iqr,wrong_mask_excess_p90,abs_wrong_mask_over_sparsification_median,abs_wrong_mask_over_sparsification_p90,frac_cells_arm_worse_than_reference,random_matched_excess_median,isolation_ratio_median_of_medians,isolation_ratio_abs,frac_cells_random_worse_than_arm,pool_semantics,score_semantics
R0,negative,0.9,"repr=bf16, pool=fp64/native, score=fp64/native",fp64,bf16,native,2160,1.0,0.0,1.0,1.0,1.0,0.0,0.0,0.0,1.0,0.973463790675265,0.0,0,0,0.0016725326681539822,,0.15569961071014404,0.9898871183395386,0.15569961071014404,0.0,0.0,0.0,0.0,0.0,0.0,,,,,pool=fp64_values_torch_sum_acc_fp64,score=fp64_values_torch_matmul_acc_fp64
R0,positive,0.9,"repr=bf16, pool=fp64/native, score=fp64/native",fp64,bf16,native,2160,1.0,0.0,1.0,1.0,1.0,0.0,0.0,0.0,1.0,0.9738295612250112,0.0,0,0,0.001686989752007428,,0.14735052734613419,0.9910392761230469,0.14735052734613419,0.0,0.0,0.0,0.0,0.0,0.0,,,,,pool=fp64_values_torch_sum_acc_fp64,score=fp64_values_torch_matmul_acc_fp64
R1,negative,0.9,"repr=nvfp4, pool=fp64/native, score=fp64/native",fp64,nvfp4,native,2160,0.973463790675265,0.019007948611404313,0.9341808935706503,0.9865534855769231,0.9997305223566662,0.0027313232421875,0.5859375,0.69921875,0.973463790675265,,0.0,0,0,0.0016725326681539822,0.0031563367415644735,0.15567618608474731,0.9898772239685059,0.15569961071014404,2.510473132133484e-05,0.0004349537193775177,0.0007825864478945733,0.0015066521543033238,0.011727783791495427,0.5416666666666666,0.0008356645703315735,33.287134589701736,33.287134589701736,0.6578703703703703,pool=fp64_values_torch_sum_acc_fp64,score=fp64_values_torch_matmul_acc_fp64
R1,positive,0.9,"repr=nvfp4, pool=fp64/native, score=fp64/native",fp64,nvfp4,native,2160,0.9738295612250112,0.01814573649131046,0.9351649949120512,0.9867412860576923,0.9997294458018708,0.00269317626953125,0.58203125,0.689453125,0.9738295612250112,,0.0,0,0,0.001686989752007428,0.0030663518855063134,0.14741984754800797,0.9910095632076263,0.14735052734613419,2.848636358976364e-05,0.00038972171023488045,0.0007096707820892334,0.0014415289581447485,0.010395356523346116,0.5527777777777778,0.0007949769496917725,27.90728087095825,27.90728087095825,0.6453703703703704,pool=fp64_values_torch_sum_acc_fp64,score=fp64_values_torch_matmul_acc_fp64
R2,negative,0.9,"repr=bf16, pool=fp32/native, score=fp32/native",fp32,bf16,native,2160,1.0,0.0,1.0,1.0,0.9999999992141936,0.0,0.0,0.0,1.0,0.973463790675265,0.0,1,0,0.0016725326681539822,9.990780483626445e-08,0.15569961071014404,0.9898871183395386,0.15569961071014404,0.0,0.0,0.0,0.0,0.0,0.0032407407407407406,0.0,,,0.0023148148148148147,pool=fp32_values_torch_sum_acc_fp32,score=fp32_values_torch_matmul_acc_fp32_tf32_disabled
R2,positive,0.9,"repr=bf16, pool=fp32/native, score=fp32/native",fp32,bf16,native,2160,1.0,0.0,1.0,1.0,0.9999999992141936,0.0,0.0,0.0,1.0,0.9738295612250112,0.0,1,0,0.001686989752007428,6.835215155336105e-08,0.14735475927591324,0.9910392761230469,0.14735052734613419,0.0,0.0,0.0,0.0,0.0,0.002777777777777778,0.0,,,0.0032407407407407406,pool=fp32_values_torch_sum_acc_fp32,score=fp32_values_torch_matmul_acc_fp32_tf32_disabled
R3,negative,0.9,"repr=nvfp4, pool=fp32/native, score=fp32/native",fp32,nvfp4,native,2160,0.973463790675265,0.019007948611404313,0.9341808935706503,0.9865534855769231,0.999730524757722,0.0027313232421875,0.5859375,0.69921875,0.973463790675265,1.0,0.0,1,0,0.0016725326681539822,0.0031563367415644735,0.15567618608474731,0.9898772239685059,0.15569961071014404,2.510473132133484e-05,0.0004349537193775177,0.0007825864478945733,0.0015066521543033238,0.011727783791495427,0.5416666666666666,0.0008193161338567734,32.63592521145571,32.63592521145571,0.6509259259259259,pool=fp32_values_torch_sum_acc_fp32,score=fp32_values_torch_matmul_acc_fp32_tf32_disabled
R3,positive,0.9,"repr=nvfp4, pool=fp32/native, score=fp32/native",fp32,nvfp4,native,2160,0.9738295612250112,0.01814573649131046,0.9351649949120512,0.9867412860576923,0.9997294464566746,0.00269317626953125,0.58203125,0.689453125,0.9738295612250112,1.0,0.0,1,0,0.001686989752007428,0.0030663518855063134,0.14741984754800797,0.9910095632076263,0.14735052734613419,2.848636358976364e-05,0.00038972171023488045,0.0007092788815498352,0.0014415289581447485,0.010395356523346116,0.5527777777777778,0.0007938072085380554,27.866217674175303,27.866217674175303,0.65,pool=fp32_values_torch_sum_acc_fp32,score=fp32_values_torch_matmul_acc_fp32_tf32_disabled
R4,negative,0.9,"repr=bf16, pool=bf16/native, score=bf16/native",bf16_acc_fp32,bf16,native,2160,0.9904306220095693,0.008473749589411494,0.968342687666472,0.9951923076923077,0.9999887960575835,0.0009765625,0.2421875,0.25,0.9967001649917504,0.9711990550095227,95.0,247,0,0.0016725326681539822,0.000951722224170565,0.15582992136478424,0.9898999333381653,0.15569961071014404,-2.000480890274048e-06,0.0002006087452173233,0.0003496840596199036,0.000730012666457946,0.0033855586560258243,0.4824074074074074,0.00032876431941986084,-164.34264432029795,164.34264432029795,0.6796296296296296,pool=bf16_values_torch_sum_acc_fp32,score=bf16_values_torch_matmul_acc_fp32
R4,positive,0.9,"repr=bf16, pool=bf16/native, score=bf16/native",bf16_acc_fp32,bf16,native,2160,0.9904306220095693,0.008473749589411494,0.9692307692307691,0.9951923076923077,0.9999886650826141,0.0009765625,0.2421875,0.25,0.9968499212480312,0.9718560213301733,95.0,245,0,0.001686989752007428,0.0009450168680624493,0.14745702594518661,0.9910440444946289,0.14735052734613419,-7.22147524356842e-06,0.00018277950584888458,0.00027921050786972046,0.0007311768513603497,0.0030886740426922248,0.44675925925925924,0.000313533004373312,-43.41675264379675,43.41675264379675,0.687037037037037,pool=bf16_values_torch_sum_acc_fp32,score=bf16_values_torch_matmul_acc_fp32
R4L,negative,0.9,"repr=bf16, pool=bf16/low, score=bf16/low",bf16_acc_bf16,bf16,native,2160,0.9537682542012181,0.028032921475024675,0.8864742703866437,0.9763371394230769,0.9995779085586137,0.0048065185546875,0.81640625,1.23046875,0.9805103027598007,0.9470528009360831,96.0,249,0,0.0016725326681539822,0.00671957939562089,0.1559414565563202,0.9898636043071747,0.15569961071014404,1.9781291484832764e-06,0.0005723107606172562,0.0007666316814720631,0.0020839901396570264,0.015233959193645471,0.5023148148148148,0.0017998255789279938,909.8625235404896,909.8625235404896,0.6763888888888889,pool=bf16_values_sequential_acc_bf16,score=bf16_values_sequential_rank1_acc_bf16
R4L,positive,0.9,"repr=bf16, pool=bf16/low, score=bf16/low",bf16_acc_bf16,bf16,native,2160,0.9541984732824428,0.0264503816644438,0.8919706387491504,0.9765625,0.9995693695300247,0.0047607421875,0.81640625,1.21875,0.9813946565453598,0.9477650157290218,96.0,240,0,0.001686989752007428,0.006759973534077137,0.1474100723862648,0.9909829497337341,0.14735052734613419,-1.1019408702850342e-05,0.0005652066320180893,0.000732383131980896,0.002215105571223527,0.013569059306531541,0.49027777777777776,0.0017022620886564255,-154.4785327924273,154.4785327924273,0.6694444444444444,pool=bf16_values_sequential_acc_bf16,score=bf16_values_sequential_rank1_acc_bf16
R5,negative,0.9,"repr=nvfp4, pool=bf16/native, score=bf16/native",bf16_acc_fp32,nvfp4,native,2160,0.9712720272471494,0.019800542913984254,0.9317880871610171,0.9854266826923077,0.9997278779666838,0.002960205078125,0.62109375,0.7578125,0.9733175214942188,0.9905794392523365,95.0,240,0,0.0016725326681539822,0.0035132894389969926,0.15581658482551575,0.9898639023303986,0.15569961071014404,2.8529204428195953e-05,0.00048153987154364586,0.0008779950439929962,0.0017767854856901152,0.01206446629524682,0.5472222222222223,0.0009687468409538269,33.95632161394575,33.95632161394575,0.6694444444444444,pool=bf16_values_torch_sum_acc_fp32,score=bf16_values_torch_matmul_acc_fp32
R5,positive,0.9,"repr=nvfp4, pool=bf16/native, score=bf16/native",bf16_acc_fp32,nvfp4,native,2160,0.9718560213301733,0.0190824236828947,0.9336189992011039,0.9857271634615384,0.999728245475869,0.002899169921875,0.61328125,0.7421875,0.9739027283511269,0.9904306220095693,95.0,235,0,0.001686989752007428,0.003463581471311015,0.14755970239639282,0.991016298532486,0.14735052734613419,2.110004425048828e-05,0.0004579983651638031,0.0007667176425457001,0.001746127759634126,0.01096750960085043,0.5361111111111111,0.0008831731975078583,41.85646186440678,41.85646186440678,0.6703703703703704,pool=bf16_values_torch_sum_acc_fp32,score=bf16_values_torch_matmul_acc_fp32
R5L,negative,0.9,"repr=nvfp4, pool=bf16/low, score=bf16/low",bf16_acc_bf16,nvfp4,native,2160,0.9454877603215199,0.035243996473354744,0.8709768095572734,0.9719801682692307,0.9993156809570257,0.0056915283203125,0.869140625,1.45703125,0.9664672427801168,0.9519061583577713,95.0,243,0,0.0016725326681539822,0.00824182078365426,0.15608184784650803,0.9898942112922668,0.15569961071014404,3.664940595626831e-05,0.0007642004638910294,0.0010139092803001404,0.0026958736564558572,0.020583766098295018,0.5356481481481481,0.0020683780312538147,56.43687741410856,56.43687741410856,0.6759259259259259,pool=bf16_values_sequential_acc_bf16,score=bf16_values_sequential_rank1_acc_bf16
R5L,positive,0.9,"repr=nvfp4, pool=bf16/low, score=bf16/low",bf16_acc_bf16,nvfp4,native,2160,0.9459143400087706,0.034697974138293786,0.879290325530056,0.9722055288461539,0.9993121009367281,0.005645751953125,0.8671875,1.4453125,0.9672664156604486,0.9520492704743749,95.0,240,0,0.001686989752007428,0.008275468711009173,0.1478339359164238,0.9909047484397888,0.14735052734613419,2.925470471382141e-05,0.0006783716380596161,0.0009932182729244232,0.002613604455897858,0.018151030360398036,0.5328703703703703,0.0019564852118492126,66.87762638482108,66.87762638482108,0.6712962962962963,pool=bf16_values_sequential_acc_bf16,score=bf16_values_sequential_rank1_acc_bf16
R6,negative,0.9,"repr=bf16, pool=fp32+fp8_e4m3/native, score=fp8_e4m3/native",fp8,bf16,native,2160,0.9582230067666961,0.02097640021145286,0.9057981388690051,0.9786658653846154,0.9993048260912285,0.00433349609375,0.78515625,1.109375,0.9582230067666961,0.9506905546932527,0.0,1,0,0.0016725326681539822,0.005827420931044703,0.15611720085144043,0.9898894727230072,0.15569961071014404,1.1563301086425781e-05,0.000485382042825222,0.0006653845310211181,0.0017252079694383138,0.011639088635457876,0.525,0.0014832206070423126,128.26965206185568,128.26965206185568,0.6574074074074074,pool=fp32_values_torch_sum_acc_fp32+pooled_rounded_to_fp8_e4m3_per_head_amax,score=fp8_e4m3_torch_scaled_mm_acc_fp32_native
R6,positive,0.9,"repr=bf16, pool=fp32+fp8_e4m3/native, score=fp8_e4m3/native",fp8,bf16,native,2160,0.9589434184386727,0.02002309534671598,0.9119500473263267,0.9790414663461539,0.999318780529027,0.0042572021484375,0.77734375,1.08984375,0.9589434184386727,0.9517630672238105,0.0,1,0,0.001686989752007428,0.005751795115038561,0.14746026694774628,0.9910222291946411,0.14735052734613419,8.804723620414734e-06,0.0004453388974070549,0.0006618531420826912,0.0017173497479580535,0.010908500158994631,0.5175925925925926,0.0013939514756202698,158.3185953035752,158.3185953035752,0.6657407407407407,pool=fp32_values_torch_sum_acc_fp32+pooled_rounded_to_fp8_e4m3_per_head_amax,score=fp8_e4m3_torch_scaled_mm_acc_fp32_native
R7,negative,0.9,"repr=nvfp4, pool=fp32+fp8_e4m3/native, score=fp8_e4m3/native",fp8,nvfp4,native,2160,0.9507620164126612,0.027773725409951155,0.8918294807812799,0.9747596153846154,0.9990664658584134,0.005126953125,0.84375,1.3125,0.9507620164126612,0.9585111078416949,0.0,1,0,0.0016725326681539822,0.007177307715840591,0.15592071413993835,0.9898709952831268,0.15569961071014404,5.2381306886672974e-05,0.0006359831895679235,0.0010181784629821778,0.00229082197103737,0.016428082943521723,0.5662037037037037,0.0016613900661468506,31.717232060308657,31.717232060308657,0.6569444444444444,pool=fp32_values_torch_sum_acc_fp32+pooled_rounded_to_fp8_e4m3_per_head_amax,score=fp8_e4m3_torch_scaled_mm_acc_fp32_native
R7,positive,0.9,"repr=nvfp4, pool=fp32+fp8_e4m3/native, score=fp8_e4m3/native",fp8,nvfp4,native,2160,0.9514769478853624,0.027411569055359353,0.8985883959930714,0.9751352163461539,0.999082854156724,0.0050506591796875,0.833984375,1.29296875,0.9514769478853624,0.9587992937021778,0.0,1,0,0.001686989752007428,0.00712302739692045,0.14746195077896118,0.9909662306308746,0.14735052734613419,4.176050424575806e-05,0.0005936645902693272,0.001003149151802063,0.0022846038296311837,0.01584637565717769,0.549537037037037,0.0015196911990642548,36.39063336306869,36.39063336306869,0.6550925925925926,pool=fp32_values_torch_sum_acc_fp32+pooled_rounded_to_fp8_e4m3_per_head_amax,score=fp8_e4m3_torch_scaled_mm_acc_fp32_native
R8,negative,0.9,"repr=bf16, pool=fp32+nvfp4/native, score=fp32/native",nvfp4_like,bf16,simulated,2160,0.8840846366145354,0.05010802167381945,0.7687545080551212,0.9384765625,0.9937067132891353,0.0124969482421875,0.9921875,3.19921875,0.8840846366145354,0.8878252854002694,0.0,3,0,0.0016725326681539822,0.020633832663119328,0.15627102553844452,0.9898115396499634,0.15569961071014404,0.0002923905849456787,0.0017626844346523285,0.0024903714656829834,0.007230476717516976,0.03902100489340023,0.6018518518518519,0.004667945206165314,15.964758944042401,15.964758944042401,0.6638888888888889,pool=fp32_values_torch_sum_acc_fp32+pooled_rounded_to_nvfp4_e2m1_per16_e4m3_sf,score=fp32_values_torch_matmul_acc_fp32_tf32_disabled
R8,positive,0.9,"repr=bf16, pool=fp32+nvfp4/native, score=fp32/native",nvfp4_like,bf16,simulated,2160,0.885352125013443,0.04722156884391293,0.7839362787083043,0.9391902043269231,0.9939142168441157,0.01235198974609375,0.9921875,3.162109375,0.885352125013443,0.8894329714001845,0.0,2,0,0.001686989752007428,0.020588125628739757,0.14794030785560608,0.9908905923366547,0.14735052734613419,0.0002611745148897171,0.0016985931433737278,0.0025551550090312956,0.00726524941798334,0.039921222061923126,0.5995370370370371,0.004395049065351486,16.82801657430982,16.82801657430982,0.6555555555555556,pool=fp32_values_torch_sum_acc_fp32+pooled_rounded_to_nvfp4_e2m1_per16_e4m3_sf,score=fp32_values_torch_matmul_acc_fp32_tf32_disabled
R9,negative,0.9,"repr=nvfp4, pool=fp32+nvfp4/native, score=fp32/native",nvfp4_like,nvfp4,simulated,2160,0.8808901448251502,0.05248702965327168,0.7645460522331531,0.9366736778846154,0.9934963491385516,0.0128631591796875,0.9921875,3.29296875,0.8808901448251502,0.8887627695800226,0.0,2,0,0.0016725326681539822,0.021184898419714212,0.15626070648431778,0.9897996783256531,0.15569961071014404,0.0003361254930496216,0.001889621838927269,0.0028581149876117707,0.007897438566226536,0.044583098992712025,0.6194444444444445,0.004765734076499939,14.178436848871748,14.178436848871748,0.6620370370370371,pool=fp32_values_torch_sum_acc_fp32+pooled_rounded_to_nvfp4_e2m1_per16_e4m3_sf,score=fp32_values_torch_matmul_acc_fp32_tf32_disabled
R9,positive,0.9,"repr=nvfp4, pool=fp32+nvfp4/native, score=fp32/native",nvfp4_like,nvfp4,simulated,2160,0.8827522806025033,0.04878971926724385,0.7791737067440937,0.9377253605769231,0.9936602226094619,0.0126495361328125,0.9921875,3.23828125,0.8827522806025033,0.8904391687831643,0.0,2,0,0.001686989752007428,0.021090730306883167,0.14801554381847382,0.9908730089664459,0.14735052734613419,0.0003076661378145218,0.0018025664612650871,0.0027955863624811172,0.007708148616278559,0.04393250336175373,0.6106481481481482,0.00435231626033783,14.146231012792338,14.146231012792338,0.6615740740740741,pool=fp32_values_torch_sum_acc_fp32+pooled_rounded_to_nvfp4_e2m1_per16_e4m3_sf,score=fp32_values_torch_matmul_acc_fp32_tf32_disabled
